,Headlines,BodyID
0,"b""India BJP's election videos targeting Muslims and opposition spark outrage""",0
1,"b""India BJP's election videos targeting Muslims and opposition spark outrage""",1
2,"b""India BJP's election videos targeting Muslims and opposition spark outrage""",2
3,"b""India BJP's election videos targeting Muslims and opposition spark outrage""",3
4,"b""India BJP's election videos targeting Muslims and opposition spark outrage""",4
5,"b""India BJP's election videos targeting Muslims and opposition spark outrage""",5
6,"b""India BJP's election videos targeting Muslims and opposition spark outrage""",6
7,"b""India BJP's election videos targeting Muslims and opposition spark outrage""",7
8,"b""India BJP's election videos targeting Muslims and opposition spark outrage""",8
9,"b""India BJP's election videos targeting Muslims and opposition spark outrage""",9
10,"b""India BJP's election videos targeting Muslims and opposition spark outrage""",10
11,"b""India BJP's election videos targeting Muslims and opposition spark outrage""",11
12,"b""India BJP's election videos targeting Muslims and opposition spark outrage""",12
13,"b""India BJP's election videos targeting Muslims and opposition spark outrage""",13
14,"b""India BJP's election videos targeting Muslims and opposition spark outrage""",14
15,"b""India BJP's election videos targeting Muslims and opposition spark outrage""",15
16,"b""India BJP's election videos targeting Muslims and opposition spark outrage""",16
17,"b""India BJP's election videos targeting Muslims and opposition spark outrage""",17
18,"b""India BJP's election videos targeting Muslims and opposition spark outrage""",18
19,"b""India BJP's election videos targeting Muslims and opposition spark outrage""",19
20,"b""India BJP's election videos targeting Muslims and opposition spark outrage""",20
21,"b""India BJP's election videos targeting Muslims and opposition spark outrage""",21
22,"b""India BJP's election videos targeting Muslims and opposition spark outrage""",22
23,"b""India BJP's election videos targeting Muslims and opposition spark outrage""",23
24,"b""India BJP's election videos targeting Muslims and opposition spark outrage""",24
25,"b""India BJP's election videos targeting Muslims and opposition spark outrage""",25
26,"b""India BJP's election videos targeting Muslims and opposition spark outrage""",26
27,"b""India BJP's election videos targeting Muslims and opposition spark outrage""",27
28,"b""India BJP's election videos targeting Muslims and opposition spark outrage""",28
29,"b""India BJP's election videos targeting Muslims and opposition spark outrage""",29
30,"b""India BJP's election videos targeting Muslims and opposition spark outrage""",30
31,"b""India BJP's election videos targeting Muslims and opposition spark outrage""",31
32,"b""India BJP's election videos targeting Muslims and opposition spark outrage""",32
33,"b""India BJP's election videos targeting Muslims and opposition spark outrage""",33
34,"b""India BJP's election videos targeting Muslims and opposition spark outrage""",34
35,"b""India BJP's election videos targeting Muslims and opposition spark outrage""",35
36,"b""India BJP's election videos targeting Muslims and opposition spark outrage""",36
37,"b""India BJP's election videos targeting Muslims and opposition spark outrage""",37
38,"b""India BJP's election videos targeting Muslims and opposition spark outrage""",38
39,"b""India BJP's election videos targeting Muslims and opposition spark outrage""",39
40,"b""India BJP's election videos targeting Muslims and opposition spark outrage""",40
41,"b""India BJP's election videos targeting Muslims and opposition spark outrage""",41
42,"b""India BJP's election videos targeting Muslims and opposition spark outrage""",42
43,"b""India BJP's election videos targeting Muslims and opposition spark outrage""",43
44,"b""India BJP's election videos targeting Muslims and opposition spark outrage""",44
45,"b""India BJP's election videos targeting Muslims and opposition spark outrage""",45
46,"b""India BJP's election videos targeting Muslims and opposition spark outrage""",46
47,"b""India BJP's election videos targeting Muslims and opposition spark outrage""",47
48,"b""India BJP's election videos targeting Muslims and opposition spark outrage""",48
49,"b""India BJP's election videos targeting Muslims and opposition spark outrage""",49
50,"b""India BJP's election videos targeting Muslims and opposition spark outrage""",50
51,"b""India BJP's election videos targeting Muslims and opposition spark outrage""",51
52,"b""India BJP's election videos targeting Muslims and opposition spark outrage""",52
53,"b""India BJP's election videos targeting Muslims and opposition spark outrage""",53
54,"b""India BJP's election videos targeting Muslims and opposition spark outrage""",54
55,"b""India BJP's election videos targeting Muslims and opposition spark outrage""",55
56,"b""India BJP's election videos targeting Muslims and opposition spark outrage""",56
57,"b""India BJP's election videos targeting Muslims and opposition spark outrage""",57
58,"b""India BJP's election videos targeting Muslims and opposition spark outrage""",58
59,"b""India BJP's election videos targeting Muslims and opposition spark outrage""",59
60,"b""India BJP's election videos targeting Muslims and opposition spark outrage""",60
61,"b""India BJP's election videos targeting Muslims and opposition spark outrage""",61
62,"b""India BJP's election videos targeting Muslims and opposition spark outrage""",62
63,"b""India BJP's election videos targeting Muslims and opposition spark outrage""",63
64,"b""India BJP's election videos targeting Muslims and opposition spark outrage""",64
65,"b""India BJP's election videos targeting Muslims and opposition spark outrage""",65
66,"b""India BJP's election videos targeting Muslims and opposition spark outrage""",66
67,"b""India BJP's election videos targeting Muslims and opposition spark outrage""",67
68,"b""India BJP's election videos targeting Muslims and opposition spark outrage""",68
69,"b""India BJP's election videos targeting Muslims and opposition spark outrage""",69
70,"b""India BJP's election videos targeting Muslims and opposition spark outrage""",70
71,"b""India BJP's election videos targeting Muslims and opposition spark outrage""",71
72,"b""India BJP's election videos targeting Muslims and opposition spark outrage""",72
73,"b""India BJP's election videos targeting Muslims and opposition spark outrage""",73
74,"b""India BJP's election videos targeting Muslims and opposition spark outrage""",74
75,"b""India BJP's election videos targeting Muslims and opposition spark outrage""",75
76,"b""India BJP's election videos targeting Muslims and opposition spark outrage""",76
77,"b""India BJP's election videos targeting Muslims and opposition spark outrage""",77
78,"b""India BJP's election videos targeting Muslims and opposition spark outrage""",78
79,"b""India BJP's election videos targeting Muslims and opposition spark outrage""",79
80,"b""India BJP's election videos targeting Muslims and opposition spark outrage""",80
81,"b""India BJP's election videos targeting Muslims and opposition spark outrage""",81
82,"b""India BJP's election videos targeting Muslims and opposition spark outrage""",82
83,"b""India BJP's election videos targeting Muslims and opposition spark outrage""",83
84,"b""India BJP's election videos targeting Muslims and opposition spark outrage""",84
85,"b""India BJP's election videos targeting Muslims and opposition spark outrage""",85
86,"b""India BJP's election videos targeting Muslims and opposition spark outrage""",86
87,"b""India BJP's election videos targeting Muslims and opposition spark outrage""",87
88,"b""India BJP's election videos targeting Muslims and opposition spark outrage""",88
89,"b""India BJP's election videos targeting Muslims and opposition spark outrage""",89
90,"b""India BJP's election videos targeting Muslims and opposition spark outrage""",90
91,"b""India BJP's election videos targeting Muslims and opposition spark outrage""",91
92,"b""India BJP's election videos targeting Muslims and opposition spark outrage""",92
93,"b""India BJP's election videos targeting Muslims and opposition spark outrage""",93
94,"b""India BJP's election videos targeting Muslims and opposition spark outrage""",94
95,"b""India BJP's election videos targeting Muslims and opposition spark outrage""",95
96,"b""India BJP's election videos targeting Muslims and opposition spark outrage""",96
97,"b""India BJP's election videos targeting Muslims and opposition spark outrage""",97
98,"b""India BJP's election videos targeting Muslims and opposition spark outrage""",98
99,"b""India BJP's election videos targeting Muslims and opposition spark outrage""",99
100,"b""Modi's 400-Seat Dream In Doubt as Opposition Gains Steam""",100
101,"b""Modi's 400-Seat Dream In Doubt as Opposition Gains Steam""",101
102,"b""Modi's 400-Seat Dream In Doubt as Opposition Gains Steam""",102
103,"b""Modi's 400-Seat Dream In Doubt as Opposition Gains Steam""",103
104,"b""Modi's 400-Seat Dream In Doubt as Opposition Gains Steam""",104
105,"b""Modi's 400-Seat Dream In Doubt as Opposition Gains Steam""",105
106,"b""Modi's 400-Seat Dream In Doubt as Opposition Gains Steam""",106
107,"b""Modi's 400-Seat Dream In Doubt as Opposition Gains Steam""",107
108,"b""Modi's 400-Seat Dream In Doubt as Opposition Gains Steam""",108
109,"b""Modi's 400-Seat Dream In Doubt as Opposition Gains Steam""",109
110,"b""Modi's 400-Seat Dream In Doubt as Opposition Gains Steam""",110
111,"b""Modi's 400-Seat Dream In Doubt as Opposition Gains Steam""",111
112,"b""Modi's 400-Seat Dream In Doubt as Opposition Gains Steam""",112
113,"b""Modi's 400-Seat Dream In Doubt as Opposition Gains Steam""",113
114,"b""Modi's 400-Seat Dream In Doubt as Opposition Gains Steam""",114
115,"b""Modi's 400-Seat Dream In Doubt as Opposition Gains Steam""",115
116,"b""Modi's 400-Seat Dream In Doubt as Opposition Gains Steam""",116
117,"b""Modi's 400-Seat Dream In Doubt as Opposition Gains Steam""",117
118,"b""Modi's 400-Seat Dream In Doubt as Opposition Gains Steam""",118
119,"b""Modi's 400-Seat Dream In Doubt as Opposition Gains Steam""",119
120,"b""Modi's 400-Seat Dream In Doubt as Opposition Gains Steam""",120
121,"b""Modi's 400-Seat Dream In Doubt as Opposition Gains Steam""",121
122,"b""Modi's 400-Seat Dream In Doubt as Opposition Gains Steam""",122
123,"b""Modi's 400-Seat Dream In Doubt as Opposition Gains Steam""",123
124,"b""Modi's 400-Seat Dream In Doubt as Opposition Gains Steam""",124
125,"b""Modi's 400-Seat Dream In Doubt as Opposition Gains Steam""",125
126,"b""Modi's 400-Seat Dream In Doubt as Opposition Gains Steam""",126
127,"b""Modi's 400-Seat Dream In Doubt as Opposition Gains Steam""",127
128,"b""Modi's 400-Seat Dream In Doubt as Opposition Gains Steam""",128
129,"b""Modi's 400-Seat Dream In Doubt as Opposition Gains Steam""",129
130,"b""Modi's 400-Seat Dream In Doubt as Opposition Gains Steam""",130
131,"b""Modi's 400-Seat Dream In Doubt as Opposition Gains Steam""",131
132,"b""Modi's 400-Seat Dream In Doubt as Opposition Gains Steam""",132
133,"b""Modi's 400-Seat Dream In Doubt as Opposition Gains Steam""",133
134,"b""Modi's 400-Seat Dream In Doubt as Opposition Gains Steam""",134
135,"b""Modi's 400-Seat Dream In Doubt as Opposition Gains Steam""",135
136,"b""Modi's 400-Seat Dream In Doubt as Opposition Gains Steam""",136
137,"b""Modi's 400-Seat Dream In Doubt as Opposition Gains Steam""",137
138,"b""Modi's 400-Seat Dream In Doubt as Opposition Gains Steam""",138
139,"b""Modi's 400-Seat Dream In Doubt as Opposition Gains Steam""",139
140,"b""Modi's 400-Seat Dream In Doubt as Opposition Gains Steam""",140
141,"b""Modi's 400-Seat Dream In Doubt as Opposition Gains Steam""",141
142,"b""Modi's 400-Seat Dream In Doubt as Opposition Gains Steam""",142
143,"b""Modi's 400-Seat Dream In Doubt as Opposition Gains Steam""",143
144,"b""Modi's 400-Seat Dream In Doubt as Opposition Gains Steam""",144
145,"b""Modi's 400-Seat Dream In Doubt as Opposition Gains Steam""",145
146,"b""Modi's 400-Seat Dream In Doubt as Opposition Gains Steam""",146
147,"b""Modi's 400-Seat Dream In Doubt as Opposition Gains Steam""",147
148,"b""Modi's 400-Seat Dream In Doubt as Opposition Gains Steam""",148
149,"b""Modi's 400-Seat Dream In Doubt as Opposition Gains Steam""",149
150,"b""Modi's 400-Seat Dream In Doubt as Opposition Gains Steam""",150
151,"b""Modi's 400-Seat Dream In Doubt as Opposition Gains Steam""",151
152,"b""Modi's 400-Seat Dream In Doubt as Opposition Gains Steam""",152
153,"b""Modi's 400-Seat Dream In Doubt as Opposition Gains Steam""",153
154,"b""Modi's 400-Seat Dream In Doubt as Opposition Gains Steam""",154
155,"b""Modi's 400-Seat Dream In Doubt as Opposition Gains Steam""",155
156,"b""Modi's 400-Seat Dream In Doubt as Opposition Gains Steam""",156
157,"b""Modi's 400-Seat Dream In Doubt as Opposition Gains Steam""",157
158,"b""Modi's 400-Seat Dream In Doubt as Opposition Gains Steam""",158
159,"b""Modi's 400-Seat Dream In Doubt as Opposition Gains Steam""",159
160,"b""Modi's 400-Seat Dream In Doubt as Opposition Gains Steam""",160
161,"b""Modi's 400-Seat Dream In Doubt as Opposition Gains Steam""",161
162,"b""Modi's 400-Seat Dream In Doubt as Opposition Gains Steam""",162
163,"b""Modi's 400-Seat Dream In Doubt as Opposition Gains Steam""",163
164,"b""Modi's 400-Seat Dream In Doubt as Opposition Gains Steam""",164
165,"b""Modi's 400-Seat Dream In Doubt as Opposition Gains Steam""",165
166,"b""Modi's 400-Seat Dream In Doubt as Opposition Gains Steam""",166
167,"b""Modi's 400-Seat Dream In Doubt as Opposition Gains Steam""",167
168,"b""Modi's 400-Seat Dream In Doubt as Opposition Gains Steam""",168
169,"b""Modi's 400-Seat Dream In Doubt as Opposition Gains Steam""",169
170,"b""Modi's 400-Seat Dream In Doubt as Opposition Gains Steam""",170
171,"b""Modi's 400-Seat Dream In Doubt as Opposition Gains Steam""",171
172,"b""Modi's 400-Seat Dream In Doubt as Opposition Gains Steam""",172
173,"b""Modi's 400-Seat Dream In Doubt as Opposition Gains Steam""",173
174,"b""Modi's 400-Seat Dream In Doubt as Opposition Gains Steam""",174
175,"b""Modi's 400-Seat Dream In Doubt as Opposition Gains Steam""",175
176,"b""Modi's 400-Seat Dream In Doubt as Opposition Gains Steam""",176
177,"b""Modi's 400-Seat Dream In Doubt as Opposition Gains Steam""",177
178,"b""Modi's 400-Seat Dream In Doubt as Opposition Gains Steam""",178
179,"b""Modi's 400-Seat Dream In Doubt as Opposition Gains Steam""",179
180,"b""Modi's 400-Seat Dream In Doubt as Opposition Gains Steam""",180
181,"b""Modi's 400-Seat Dream In Doubt as Opposition Gains Steam""",181
182,"b""Modi's 400-Seat Dream In Doubt as Opposition Gains Steam""",182
183,"b""Modi's 400-Seat Dream In Doubt as Opposition Gains Steam""",183
184,"b""Modi's 400-Seat Dream In Doubt as Opposition Gains Steam""",184
185,"b""Modi's 400-Seat Dream In Doubt as Opposition Gains Steam""",185
186,"b""Modi's 400-Seat Dream In Doubt as Opposition Gains Steam""",186
187,"b""Modi's 400-Seat Dream In Doubt as Opposition Gains Steam""",187
188,"b""Modi's 400-Seat Dream In Doubt as Opposition Gains Steam""",188
189,"b""Modi's 400-Seat Dream In Doubt as Opposition Gains Steam""",189
190,"b""Modi's 400-Seat Dream In Doubt as Opposition Gains Steam""",190
191,"b""Modi's 400-Seat Dream In Doubt as Opposition Gains Steam""",191
192,"b""Modi's 400-Seat Dream In Doubt as Opposition Gains Steam""",192
193,"b""Modi's 400-Seat Dream In Doubt as Opposition Gains Steam""",193
194,"b""Modi's 400-Seat Dream In Doubt as Opposition Gains Steam""",194
195,"b""Modi's 400-Seat Dream In Doubt as Opposition Gains Steam""",195
196,"b""Modi's 400-Seat Dream In Doubt as Opposition Gains Steam""",196
197,"b""Modi's 400-Seat Dream In Doubt as Opposition Gains Steam""",197
198,"b""Modi's 400-Seat Dream In Doubt as Opposition Gains Steam""",198
199,"b""Modi's 400-Seat Dream In Doubt as Opposition Gains Steam""",199
200,"b""Prajwal Revanna sex videos: Here's why Congress delayed action after poll date""",200
201,"b""Prajwal Revanna sex videos: Here's why Congress delayed action after poll date""",201
202,"b""Prajwal Revanna sex videos: Here's why Congress delayed action after poll date""",202
203,"b""Prajwal Revanna sex videos: Here's why Congress delayed action after poll date""",203
204,"b""Prajwal Revanna sex videos: Here's why Congress delayed action after poll date""",204
205,"b""Prajwal Revanna sex videos: Here's why Congress delayed action after poll date""",205
206,"b""Prajwal Revanna sex videos: Here's why Congress delayed action after poll date""",206
207,"b""Prajwal Revanna sex videos: Here's why Congress delayed action after poll date""",207
208,"b""Prajwal Revanna sex videos: Here's why Congress delayed action after poll date""",208
209,"b""Prajwal Revanna sex videos: Here's why Congress delayed action after poll date""",209
210,"b""Prajwal Revanna sex videos: Here's why Congress delayed action after poll date""",210
211,"b""Prajwal Revanna sex videos: Here's why Congress delayed action after poll date""",211
212,"b""Prajwal Revanna sex videos: Here's why Congress delayed action after poll date""",212
213,"b""Prajwal Revanna sex videos: Here's why Congress delayed action after poll date""",213
214,"b""Prajwal Revanna sex videos: Here's why Congress delayed action after poll date""",214
215,"b""Prajwal Revanna sex videos: Here's why Congress delayed action after poll date""",215
216,"b""Prajwal Revanna sex videos: Here's why Congress delayed action after poll date""",216
217,"b""Prajwal Revanna sex videos: Here's why Congress delayed action after poll date""",217
218,"b""Prajwal Revanna sex videos: Here's why Congress delayed action after poll date""",218
219,"b""Prajwal Revanna sex videos: Here's why Congress delayed action after poll date""",219
220,"b""Prajwal Revanna sex videos: Here's why Congress delayed action after poll date""",220
221,"b""Prajwal Revanna sex videos: Here's why Congress delayed action after poll date""",221
222,"b""Prajwal Revanna sex videos: Here's why Congress delayed action after poll date""",222
223,"b""Prajwal Revanna sex videos: Here's why Congress delayed action after poll date""",223
224,"b""Prajwal Revanna sex videos: Here's why Congress delayed action after poll date""",224
225,"b""Prajwal Revanna sex videos: Here's why Congress delayed action after poll date""",225
226,"b""Prajwal Revanna sex videos: Here's why Congress delayed action after poll date""",226
227,"b""Prajwal Revanna sex videos: Here's why Congress delayed action after poll date""",227
228,"b""Prajwal Revanna sex videos: Here's why Congress delayed action after poll date""",228
229,"b""Prajwal Revanna sex videos: Here's why Congress delayed action after poll date""",229
230,"b""Prajwal Revanna sex videos: Here's why Congress delayed action after poll date""",230
231,"b""Prajwal Revanna sex videos: Here's why Congress delayed action after poll date""",231
232,"b""Prajwal Revanna sex videos: Here's why Congress delayed action after poll date""",232
233,"b""Prajwal Revanna sex videos: Here's why Congress delayed action after poll date""",233
234,"b""Prajwal Revanna sex videos: Here's why Congress delayed action after poll date""",234
235,"b""Prajwal Revanna sex videos: Here's why Congress delayed action after poll date""",235
236,"b""Prajwal Revanna sex videos: Here's why Congress delayed action after poll date""",236
237,"b""Prajwal Revanna sex videos: Here's why Congress delayed action after poll date""",237
238,"b""Prajwal Revanna sex videos: Here's why Congress delayed action after poll date""",238
239,"b""Prajwal Revanna sex videos: Here's why Congress delayed action after poll date""",239
240,"b""Prajwal Revanna sex videos: Here's why Congress delayed action after poll date""",240
241,"b""Prajwal Revanna sex videos: Here's why Congress delayed action after poll date""",241
242,"b""Prajwal Revanna sex videos: Here's why Congress delayed action after poll date""",242
243,"b""Prajwal Revanna sex videos: Here's why Congress delayed action after poll date""",243
244,"b""Prajwal Revanna sex videos: Here's why Congress delayed action after poll date""",244
245,"b""Prajwal Revanna sex videos: Here's why Congress delayed action after poll date""",245
246,"b""Prajwal Revanna sex videos: Here's why Congress delayed action after poll date""",246
247,"b""Prajwal Revanna sex videos: Here's why Congress delayed action after poll date""",247
248,"b""Prajwal Revanna sex videos: Here's why Congress delayed action after poll date""",248
249,"b""Prajwal Revanna sex videos: Here's why Congress delayed action after poll date""",249
250,"b""Prajwal Revanna sex videos: Here's why Congress delayed action after poll date""",250
251,"b""Prajwal Revanna sex videos: Here's why Congress delayed action after poll date""",251
252,"b""Prajwal Revanna sex videos: Here's why Congress delayed action after poll date""",252
253,"b""Prajwal Revanna sex videos: Here's why Congress delayed action after poll date""",253
254,"b""Prajwal Revanna sex videos: Here's why Congress delayed action after poll date""",254
255,"b""Prajwal Revanna sex videos: Here's why Congress delayed action after poll date""",255
256,"b""Prajwal Revanna sex videos: Here's why Congress delayed action after poll date""",256
257,"b""Prajwal Revanna sex videos: Here's why Congress delayed action after poll date""",257
258,"b""Prajwal Revanna sex videos: Here's why Congress delayed action after poll date""",258
259,"b""Prajwal Revanna sex videos: Here's why Congress delayed action after poll date""",259
260,"b""Prajwal Revanna sex videos: Here's why Congress delayed action after poll date""",260
261,"b""Prajwal Revanna sex videos: Here's why Congress delayed action after poll date""",261
262,"b""Prajwal Revanna sex videos: Here's why Congress delayed action after poll date""",262
263,"b""Prajwal Revanna sex videos: Here's why Congress delayed action after poll date""",263
264,"b""Prajwal Revanna sex videos: Here's why Congress delayed action after poll date""",264
265,"b""Prajwal Revanna sex videos: Here's why Congress delayed action after poll date""",265
266,"b""Prajwal Revanna sex videos: Here's why Congress delayed action after poll date""",266
267,"b""Prajwal Revanna sex videos: Here's why Congress delayed action after poll date""",267
268,"b""Prajwal Revanna sex videos: Here's why Congress delayed action after poll date""",268
269,"b""Prajwal Revanna sex videos: Here's why Congress delayed action after poll date""",269
270,"b""Prajwal Revanna sex videos: Here's why Congress delayed action after poll date""",270
271,"b""Prajwal Revanna sex videos: Here's why Congress delayed action after poll date""",271
272,"b""Prajwal Revanna sex videos: Here's why Congress delayed action after poll date""",272
273,"b""Prajwal Revanna sex videos: Here's why Congress delayed action after poll date""",273
274,"b""Prajwal Revanna sex videos: Here's why Congress delayed action after poll date""",274
275,"b""Prajwal Revanna sex videos: Here's why Congress delayed action after poll date""",275
276,"b""Prajwal Revanna sex videos: Here's why Congress delayed action after poll date""",276
277,"b""Prajwal Revanna sex videos: Here's why Congress delayed action after poll date""",277
278,"b""Prajwal Revanna sex videos: Here's why Congress delayed action after poll date""",278
279,"b""Prajwal Revanna sex videos: Here's why Congress delayed action after poll date""",279
280,"b""Prajwal Revanna sex videos: Here's why Congress delayed action after poll date""",280
281,"b""Prajwal Revanna sex videos: Here's why Congress delayed action after poll date""",281
282,"b""Prajwal Revanna sex videos: Here's why Congress delayed action after poll date""",282
283,"b""Prajwal Revanna sex videos: Here's why Congress delayed action after poll date""",283
284,"b""Prajwal Revanna sex videos: Here's why Congress delayed action after poll date""",284
285,"b""Prajwal Revanna sex videos: Here's why Congress delayed action after poll date""",285
286,"b""Prajwal Revanna sex videos: Here's why Congress delayed action after poll date""",286
287,"b""Prajwal Revanna sex videos: Here's why Congress delayed action after poll date""",287
288,"b""Prajwal Revanna sex videos: Here's why Congress delayed action after poll date""",288
289,"b""Prajwal Revanna sex videos: Here's why Congress delayed action after poll date""",289
290,"b""Prajwal Revanna sex videos: Here's why Congress delayed action after poll date""",290
291,"b""Prajwal Revanna sex videos: Here's why Congress delayed action after poll date""",291
292,"b""Prajwal Revanna sex videos: Here's why Congress delayed action after poll date""",292
293,"b""Prajwal Revanna sex videos: Here's why Congress delayed action after poll date""",293
294,"b""Prajwal Revanna sex videos: Here's why Congress delayed action after poll date""",294
295,"b""Prajwal Revanna sex videos: Here's why Congress delayed action after poll date""",295
296,"b""Prajwal Revanna sex videos: Here's why Congress delayed action after poll date""",296
297,"b""Prajwal Revanna sex videos: Here's why Congress delayed action after poll date""",297
298,"b""Prajwal Revanna sex videos: Here's why Congress delayed action after poll date""",298
299,"b""Prajwal Revanna sex videos: Here's why Congress delayed action after poll date""",299
300,"b""INSIGHT-How Modi's BJP plans to win a supermajority in India's election""",300
301,"b""INSIGHT-How Modi's BJP plans to win a supermajority in India's election""",301
302,"b""INSIGHT-How Modi's BJP plans to win a supermajority in India's election""",302
303,"b""INSIGHT-How Modi's BJP plans to win a supermajority in India's election""",303
304,"b""INSIGHT-How Modi's BJP plans to win a supermajority in India's election""",304
305,"b""INSIGHT-How Modi's BJP plans to win a supermajority in India's election""",305
306,"b""INSIGHT-How Modi's BJP plans to win a supermajority in India's election""",306
307,"b""INSIGHT-How Modi's BJP plans to win a supermajority in India's election""",307
308,"b""INSIGHT-How Modi's BJP plans to win a supermajority in India's election""",308
309,"b""INSIGHT-How Modi's BJP plans to win a supermajority in India's election""",309
310,"b""INSIGHT-How Modi's BJP plans to win a supermajority in India's election""",310
311,"b""INSIGHT-How Modi's BJP plans to win a supermajority in India's election""",311
312,"b""INSIGHT-How Modi's BJP plans to win a supermajority in India's election""",312
313,"b""INSIGHT-How Modi's BJP plans to win a supermajority in India's election""",313
314,"b""INSIGHT-How Modi's BJP plans to win a supermajority in India's election""",314
315,"b""INSIGHT-How Modi's BJP plans to win a supermajority in India's election""",315
316,"b""INSIGHT-How Modi's BJP plans to win a supermajority in India's election""",316
317,"b""INSIGHT-How Modi's BJP plans to win a supermajority in India's election""",317
318,"b""INSIGHT-How Modi's BJP plans to win a supermajority in India's election""",318
319,"b""INSIGHT-How Modi's BJP plans to win a supermajority in India's election""",319
320,"b""INSIGHT-How Modi's BJP plans to win a supermajority in India's election""",320
321,"b""INSIGHT-How Modi's BJP plans to win a supermajority in India's election""",321
322,"b""INSIGHT-How Modi's BJP plans to win a supermajority in India's election""",322
323,"b""INSIGHT-How Modi's BJP plans to win a supermajority in India's election""",323
324,"b""INSIGHT-How Modi's BJP plans to win a supermajority in India's election""",324
325,"b""INSIGHT-How Modi's BJP plans to win a supermajority in India's election""",325
326,"b""INSIGHT-How Modi's BJP plans to win a supermajority in India's election""",326
327,"b""INSIGHT-How Modi's BJP plans to win a supermajority in India's election""",327
328,"b""INSIGHT-How Modi's BJP plans to win a supermajority in India's election""",328
329,"b""INSIGHT-How Modi's BJP plans to win a supermajority in India's election""",329
330,"b""INSIGHT-How Modi's BJP plans to win a supermajority in India's election""",330
331,"b""INSIGHT-How Modi's BJP plans to win a supermajority in India's election""",331
332,"b""INSIGHT-How Modi's BJP plans to win a supermajority in India's election""",332
333,"b""INSIGHT-How Modi's BJP plans to win a supermajority in India's election""",333
334,"b""INSIGHT-How Modi's BJP plans to win a supermajority in India's election""",334
335,"b""INSIGHT-How Modi's BJP plans to win a supermajority in India's election""",335
336,"b""INSIGHT-How Modi's BJP plans to win a supermajority in India's election""",336
337,"b""INSIGHT-How Modi's BJP plans to win a supermajority in India's election""",337
338,"b""INSIGHT-How Modi's BJP plans to win a supermajority in India's election""",338
339,"b""INSIGHT-How Modi's BJP plans to win a supermajority in India's election""",339
340,"b""INSIGHT-How Modi's BJP plans to win a supermajority in India's election""",340
341,"b""INSIGHT-How Modi's BJP plans to win a supermajority in India's election""",341
342,"b""INSIGHT-How Modi's BJP plans to win a supermajority in India's election""",342
343,"b""INSIGHT-How Modi's BJP plans to win a supermajority in India's election""",343
344,"b""INSIGHT-How Modi's BJP plans to win a supermajority in India's election""",344
345,"b""INSIGHT-How Modi's BJP plans to win a supermajority in India's election""",345
346,"b""INSIGHT-How Modi's BJP plans to win a supermajority in India's election""",346
347,"b""INSIGHT-How Modi's BJP plans to win a supermajority in India's election""",347
348,"b""INSIGHT-How Modi's BJP plans to win a supermajority in India's election""",348
349,"b""INSIGHT-How Modi's BJP plans to win a supermajority in India's election""",349
350,"b""INSIGHT-How Modi's BJP plans to win a supermajority in India's election""",350
351,"b""INSIGHT-How Modi's BJP plans to win a supermajority in India's election""",351
352,"b""INSIGHT-How Modi's BJP plans to win a supermajority in India's election""",352
353,"b""INSIGHT-How Modi's BJP plans to win a supermajority in India's election""",353
354,"b""INSIGHT-How Modi's BJP plans to win a supermajority in India's election""",354
355,"b""INSIGHT-How Modi's BJP plans to win a supermajority in India's election""",355
356,"b""INSIGHT-How Modi's BJP plans to win a supermajority in India's election""",356
357,"b""INSIGHT-How Modi's BJP plans to win a supermajority in India's election""",357
358,"b""INSIGHT-How Modi's BJP plans to win a supermajority in India's election""",358
359,"b""INSIGHT-How Modi's BJP plans to win a supermajority in India's election""",359
360,"b""INSIGHT-How Modi's BJP plans to win a supermajority in India's election""",360
361,"b""INSIGHT-How Modi's BJP plans to win a supermajority in India's election""",361
362,"b""INSIGHT-How Modi's BJP plans to win a supermajority in India's election""",362
363,"b""INSIGHT-How Modi's BJP plans to win a supermajority in India's election""",363
364,"b""INSIGHT-How Modi's BJP plans to win a supermajority in India's election""",364
365,"b""INSIGHT-How Modi's BJP plans to win a supermajority in India's election""",365
366,"b""INSIGHT-How Modi's BJP plans to win a supermajority in India's election""",366
367,"b""INSIGHT-How Modi's BJP plans to win a supermajority in India's election""",367
368,"b""INSIGHT-How Modi's BJP plans to win a supermajority in India's election""",368
369,"b""INSIGHT-How Modi's BJP plans to win a supermajority in India's election""",369
370,"b""INSIGHT-How Modi's BJP plans to win a supermajority in India's election""",370
371,"b""INSIGHT-How Modi's BJP plans to win a supermajority in India's election""",371
372,"b""INSIGHT-How Modi's BJP plans to win a supermajority in India's election""",372
373,"b""INSIGHT-How Modi's BJP plans to win a supermajority in India's election""",373
374,"b""INSIGHT-How Modi's BJP plans to win a supermajority in India's election""",374
375,"b""INSIGHT-How Modi's BJP plans to win a supermajority in India's election""",375
376,"b""INSIGHT-How Modi's BJP plans to win a supermajority in India's election""",376
377,"b""INSIGHT-How Modi's BJP plans to win a supermajority in India's election""",377
378,"b""INSIGHT-How Modi's BJP plans to win a supermajority in India's election""",378
379,"b""INSIGHT-How Modi's BJP plans to win a supermajority in India's election""",379
380,"b""INSIGHT-How Modi's BJP plans to win a supermajority in India's election""",380
381,"b""INSIGHT-How Modi's BJP plans to win a supermajority in India's election""",381
382,"b""INSIGHT-How Modi's BJP plans to win a supermajority in India's election""",382
383,"b""INSIGHT-How Modi's BJP plans to win a supermajority in India's election""",383
384,"b""INSIGHT-How Modi's BJP plans to win a supermajority in India's election""",384
385,"b""INSIGHT-How Modi's BJP plans to win a supermajority in India's election""",385
386,"b""INSIGHT-How Modi's BJP plans to win a supermajority in India's election""",386
387,"b""INSIGHT-How Modi's BJP plans to win a supermajority in India's election""",387
388,"b""INSIGHT-How Modi's BJP plans to win a supermajority in India's election""",388
389,"b""INSIGHT-How Modi's BJP plans to win a supermajority in India's election""",389
390,"b""INSIGHT-How Modi's BJP plans to win a supermajority in India's election""",390
391,"b""INSIGHT-How Modi's BJP plans to win a supermajority in India's election""",391
392,"b""INSIGHT-How Modi's BJP plans to win a supermajority in India's election""",392
393,"b""INSIGHT-How Modi's BJP plans to win a supermajority in India's election""",393
394,"b""INSIGHT-How Modi's BJP plans to win a supermajority in India's election""",394
395,"b""INSIGHT-How Modi's BJP plans to win a supermajority in India's election""",395
396,"b""INSIGHT-How Modi's BJP plans to win a supermajority in India's election""",396
397,"b""INSIGHT-How Modi's BJP plans to win a supermajority in India's election""",397
398,"b""INSIGHT-How Modi's BJP plans to win a supermajority in India's election""",398
399,"b""INSIGHT-How Modi's BJP plans to win a supermajority in India's election""",399
400,b'Congress to remove 50% cap on quota if elected to power: Rahul Gandhi',400
401,b'Congress to remove 50% cap on quota if elected to power: Rahul Gandhi',401
402,b'Congress to remove 50% cap on quota if elected to power: Rahul Gandhi',402
403,b'Congress to remove 50% cap on quota if elected to power: Rahul Gandhi',403
404,b'Congress to remove 50% cap on quota if elected to power: Rahul Gandhi',404
405,b'Congress to remove 50% cap on quota if elected to power: Rahul Gandhi',405
406,b'Congress to remove 50% cap on quota if elected to power: Rahul Gandhi',406
407,b'Congress to remove 50% cap on quota if elected to power: Rahul Gandhi',407
408,b'Congress to remove 50% cap on quota if elected to power: Rahul Gandhi',408
409,b'Congress to remove 50% cap on quota if elected to power: Rahul Gandhi',409
410,b'Congress to remove 50% cap on quota if elected to power: Rahul Gandhi',410
411,b'Congress to remove 50% cap on quota if elected to power: Rahul Gandhi',411
412,b'Congress to remove 50% cap on quota if elected to power: Rahul Gandhi',412
413,b'Congress to remove 50% cap on quota if elected to power: Rahul Gandhi',413
414,b'Congress to remove 50% cap on quota if elected to power: Rahul Gandhi',414
415,b'Congress to remove 50% cap on quota if elected to power: Rahul Gandhi',415
416,b'Congress to remove 50% cap on quota if elected to power: Rahul Gandhi',416
417,b'Congress to remove 50% cap on quota if elected to power: Rahul Gandhi',417
418,b'Congress to remove 50% cap on quota if elected to power: Rahul Gandhi',418
419,b'Congress to remove 50% cap on quota if elected to power: Rahul Gandhi',419
420,b'Congress to remove 50% cap on quota if elected to power: Rahul Gandhi',420
421,b'Congress to remove 50% cap on quota if elected to power: Rahul Gandhi',421
422,b'Congress to remove 50% cap on quota if elected to power: Rahul Gandhi',422
423,b'Congress to remove 50% cap on quota if elected to power: Rahul Gandhi',423
424,b'Congress to remove 50% cap on quota if elected to power: Rahul Gandhi',424
425,b'Congress to remove 50% cap on quota if elected to power: Rahul Gandhi',425
426,b'Congress to remove 50% cap on quota if elected to power: Rahul Gandhi',426
427,b'Congress to remove 50% cap on quota if elected to power: Rahul Gandhi',427
428,b'Congress to remove 50% cap on quota if elected to power: Rahul Gandhi',428
429,b'Congress to remove 50% cap on quota if elected to power: Rahul Gandhi',429
430,b'Congress to remove 50% cap on quota if elected to power: Rahul Gandhi',430
431,b'Congress to remove 50% cap on quota if elected to power: Rahul Gandhi',431
432,b'Congress to remove 50% cap on quota if elected to power: Rahul Gandhi',432
433,"b""India BJP's election videos targeting Muslims and opposition spark outrage""",433
434,"b""India BJP's election videos targeting Muslims and opposition spark outrage""",434
435,"b""India BJP's election videos targeting Muslims and opposition spark outrage""",435
436,"b""India BJP's election videos targeting Muslims and opposition spark outrage""",436
437,"b""India BJP's election videos targeting Muslims and opposition spark outrage""",437
438,"b""India BJP's election videos targeting Muslims and opposition spark outrage""",438
439,"b""India BJP's election videos targeting Muslims and opposition spark outrage""",439
440,"b""India BJP's election videos targeting Muslims and opposition spark outrage""",440
441,"b""India BJP's election videos targeting Muslims and opposition spark outrage""",441
442,"b""India BJP's election videos targeting Muslims and opposition spark outrage""",442
443,"b""India BJP's election videos targeting Muslims and opposition spark outrage""",443
444,"b""India BJP's election videos targeting Muslims and opposition spark outrage""",444
445,"b""India BJP's election videos targeting Muslims and opposition spark outrage""",445
446,"b""India BJP's election videos targeting Muslims and opposition spark outrage""",446
447,"b""India BJP's election videos targeting Muslims and opposition spark outrage""",447
448,"b""India BJP's election videos targeting Muslims and opposition spark outrage""",448
449,"b""India BJP's election videos targeting Muslims and opposition spark outrage""",449
450,"b""India BJP's election videos targeting Muslims and opposition spark outrage""",450
451,"b""India BJP's election videos targeting Muslims and opposition spark outrage""",451
452,"b""India BJP's election videos targeting Muslims and opposition spark outrage""",452
453,"b""India BJP's election videos targeting Muslims and opposition spark outrage""",453
454,"b""India BJP's election videos targeting Muslims and opposition spark outrage""",454
455,"b""India BJP's election videos targeting Muslims and opposition spark outrage""",455
456,"b""India BJP's election videos targeting Muslims and opposition spark outrage""",456
457,"b""India BJP's election videos targeting Muslims and opposition spark outrage""",457
458,"b""India BJP's election videos targeting Muslims and opposition spark outrage""",458
459,"b""India BJP's election videos targeting Muslims and opposition spark outrage""",459
460,"b""India BJP's election videos targeting Muslims and opposition spark outrage""",460
461,"b""India BJP's election videos targeting Muslims and opposition spark outrage""",461
462,"b""India BJP's election videos targeting Muslims and opposition spark outrage""",462
463,"b""India BJP's election videos targeting Muslims and opposition spark outrage""",463
464,"b""India BJP's election videos targeting Muslims and opposition spark outrage""",464
465,"b""India BJP's election videos targeting Muslims and opposition spark outrage""",465
466,"b""India BJP's election videos targeting Muslims and opposition spark outrage""",466
467,"b""India BJP's election videos targeting Muslims and opposition spark outrage""",467
468,"b""India BJP's election videos targeting Muslims and opposition spark outrage""",468
469,"b""India BJP's election videos targeting Muslims and opposition spark outrage""",469
470,"b""India BJP's election videos targeting Muslims and opposition spark outrage""",470
471,"b""India BJP's election videos targeting Muslims and opposition spark outrage""",471
472,"b""India BJP's election videos targeting Muslims and opposition spark outrage""",472
473,"b""India BJP's election videos targeting Muslims and opposition spark outrage""",473
474,"b""India BJP's election videos targeting Muslims and opposition spark outrage""",474
475,"b""India BJP's election videos targeting Muslims and opposition spark outrage""",475
476,"b""India BJP's election videos targeting Muslims and opposition spark outrage""",476
477,"b""India BJP's election videos targeting Muslims and opposition spark outrage""",477
478,"b""India BJP's election videos targeting Muslims and opposition spark outrage""",478
479,"b""India BJP's election videos targeting Muslims and opposition spark outrage""",479
480,"b""India BJP's election videos targeting Muslims and opposition spark outrage""",480
481,"b""India BJP's election videos targeting Muslims and opposition spark outrage""",481
482,"b""India BJP's election videos targeting Muslims and opposition spark outrage""",482
483,"b""India BJP's election videos targeting Muslims and opposition spark outrage""",483
484,"b""India BJP's election videos targeting Muslims and opposition spark outrage""",484
485,"b""India BJP's election videos targeting Muslims and opposition spark outrage""",485
486,"b""India BJP's election videos targeting Muslims and opposition spark outrage""",486
487,"b""India BJP's election videos targeting Muslims and opposition spark outrage""",487
488,"b""India BJP's election videos targeting Muslims and opposition spark outrage""",488
489,"b""India BJP's election videos targeting Muslims and opposition spark outrage""",489
490,"b""India BJP's election videos targeting Muslims and opposition spark outrage""",490
491,"b""India BJP's election videos targeting Muslims and opposition spark outrage""",491
492,"b""India BJP's election videos targeting Muslims and opposition spark outrage""",492
493,"b""India BJP's election videos targeting Muslims and opposition spark outrage""",493
494,"b""India BJP's election videos targeting Muslims and opposition spark outrage""",494
495,"b""India BJP's election videos targeting Muslims and opposition spark outrage""",495
496,"b""India BJP's election videos targeting Muslims and opposition spark outrage""",496
497,"b""India BJP's election videos targeting Muslims and opposition spark outrage""",497
498,"b""India BJP's election videos targeting Muslims and opposition spark outrage""",498
499,"b""India BJP's election videos targeting Muslims and opposition spark outrage""",499
500,"b""India BJP's election videos targeting Muslims and opposition spark outrage""",500
501,"b""India BJP's election videos targeting Muslims and opposition spark outrage""",501
502,"b""India BJP's election videos targeting Muslims and opposition spark outrage""",502
503,"b""India BJP's election videos targeting Muslims and opposition spark outrage""",503
504,"b""India BJP's election videos targeting Muslims and opposition spark outrage""",504
505,"b""India BJP's election videos targeting Muslims and opposition spark outrage""",505
506,"b""India BJP's election videos targeting Muslims and opposition spark outrage""",506
507,"b""India BJP's election videos targeting Muslims and opposition spark outrage""",507
508,"b""India BJP's election videos targeting Muslims and opposition spark outrage""",508
509,"b""India BJP's election videos targeting Muslims and opposition spark outrage""",509
510,"b""India BJP's election videos targeting Muslims and opposition spark outrage""",510
511,"b""India BJP's election videos targeting Muslims and opposition spark outrage""",511
512,"b""India BJP's election videos targeting Muslims and opposition spark outrage""",512
513,"b""India BJP's election videos targeting Muslims and opposition spark outrage""",513
514,"b""India BJP's election videos targeting Muslims and opposition spark outrage""",514
515,"b""India BJP's election videos targeting Muslims and opposition spark outrage""",515
516,"b""India BJP's election videos targeting Muslims and opposition spark outrage""",516
517,"b""India BJP's election videos targeting Muslims and opposition spark outrage""",517
518,"b""India BJP's election videos targeting Muslims and opposition spark outrage""",518
519,"b""India BJP's election videos targeting Muslims and opposition spark outrage""",519
520,"b""India BJP's election videos targeting Muslims and opposition spark outrage""",520
521,"b""India BJP's election videos targeting Muslims and opposition spark outrage""",521
522,"b""India BJP's election videos targeting Muslims and opposition spark outrage""",522
523,"b""India BJP's election videos targeting Muslims and opposition spark outrage""",523
524,"b""India BJP's election videos targeting Muslims and opposition spark outrage""",524
525,"b""India BJP's election videos targeting Muslims and opposition spark outrage""",525
526,"b""India BJP's election videos targeting Muslims and opposition spark outrage""",526
527,"b""India BJP's election videos targeting Muslims and opposition spark outrage""",527
528,"b""India BJP's election videos targeting Muslims and opposition spark outrage""",528
529,"b""India BJP's election videos targeting Muslims and opposition spark outrage""",529
530,"b""India BJP's election videos targeting Muslims and opposition spark outrage""",530
531,"b""India BJP's election videos targeting Muslims and opposition spark outrage""",531
532,"b""India BJP's election videos targeting Muslims and opposition spark outrage""",532
533,"b""Rahul Gandhi should apologise for politicising Rohith Vemula's death, says Sitharaman""",533
534,"b""Goldman Sees India's Stocks, Bonds and Rupee as Top Emerging Market Picks""",534
535,"b""Goldman Sees India's Stocks, Bonds and Rupee as Top Emerging Market Picks""",535
536,"b""Goldman Sees India's Stocks, Bonds and Rupee as Top Emerging Market Picks""",536
537,"b""Goldman Sees India's Stocks, Bonds and Rupee as Top Emerging Market Picks""",537
538,"b""Goldman Sees India's Stocks, Bonds and Rupee as Top Emerging Market Picks""",538
539,"b""Goldman Sees India's Stocks, Bonds and Rupee as Top Emerging Market Picks""",539
540,"b""Goldman Sees India's Stocks, Bonds and Rupee as Top Emerging Market Picks""",540
541,"b""Goldman Sees India's Stocks, Bonds and Rupee as Top Emerging Market Picks""",541
542,"b""Goldman Sees India's Stocks, Bonds and Rupee as Top Emerging Market Picks""",542
543,"b""Goldman Sees India's Stocks, Bonds and Rupee as Top Emerging Market Picks""",543
544,"b""Goldman Sees India's Stocks, Bonds and Rupee as Top Emerging Market Picks""",544
545,"b""Goldman Sees India's Stocks, Bonds and Rupee as Top Emerging Market Picks""",545
546,"b""Goldman Sees India's Stocks, Bonds and Rupee as Top Emerging Market Picks""",546
547,"b""Goldman Sees India's Stocks, Bonds and Rupee as Top Emerging Market Picks""",547
548,"b""Goldman Sees India's Stocks, Bonds and Rupee as Top Emerging Market Picks""",548
549,"b""Goldman Sees India's Stocks, Bonds and Rupee as Top Emerging Market Picks""",549
550,"b""Goldman Sees India's Stocks, Bonds and Rupee as Top Emerging Market Picks""",550
551,"b""Goldman Sees India's Stocks, Bonds and Rupee as Top Emerging Market Picks""",551
552,"b""Goldman Sees India's Stocks, Bonds and Rupee as Top Emerging Market Picks""",552
553,"b""Goldman Sees India's Stocks, Bonds and Rupee as Top Emerging Market Picks""",553
554,"b""Goldman Sees India's Stocks, Bonds and Rupee as Top Emerging Market Picks""",554
555,"b""Goldman Sees India's Stocks, Bonds and Rupee as Top Emerging Market Picks""",555
556,"b""Goldman Sees India's Stocks, Bonds and Rupee as Top Emerging Market Picks""",556
557,"b""Goldman Sees India's Stocks, Bonds and Rupee as Top Emerging Market Picks""",557
558,"b""Goldman Sees India's Stocks, Bonds and Rupee as Top Emerging Market Picks""",558
559,"b""Goldman Sees India's Stocks, Bonds and Rupee as Top Emerging Market Picks""",559
560,"b""Goldman Sees India's Stocks, Bonds and Rupee as Top Emerging Market Picks""",560
561,"b""Goldman Sees India's Stocks, Bonds and Rupee as Top Emerging Market Picks""",561
562,"b""Goldman Sees India's Stocks, Bonds and Rupee as Top Emerging Market Picks""",562
563,"b""Goldman Sees India's Stocks, Bonds and Rupee as Top Emerging Market Picks""",563
564,"b""Goldman Sees India's Stocks, Bonds and Rupee as Top Emerging Market Picks""",564
565,"b""Goldman Sees India's Stocks, Bonds and Rupee as Top Emerging Market Picks""",565
566,"b""Goldman Sees India's Stocks, Bonds and Rupee as Top Emerging Market Picks""",566
567,"b""Goldman Sees India's Stocks, Bonds and Rupee as Top Emerging Market Picks""",567
568,"b""Goldman Sees India's Stocks, Bonds and Rupee as Top Emerging Market Picks""",568
569,"b""Goldman Sees India's Stocks, Bonds and Rupee as Top Emerging Market Picks""",569
570,"b""Goldman Sees India's Stocks, Bonds and Rupee as Top Emerging Market Picks""",570
571,"b""Goldman Sees India's Stocks, Bonds and Rupee as Top Emerging Market Picks""",571
572,"b""Goldman Sees India's Stocks, Bonds and Rupee as Top Emerging Market Picks""",572
573,"b""Goldman Sees India's Stocks, Bonds and Rupee as Top Emerging Market Picks""",573
574,"b""Goldman Sees India's Stocks, Bonds and Rupee as Top Emerging Market Picks""",574
575,"b""Goldman Sees India's Stocks, Bonds and Rupee as Top Emerging Market Picks""",575
576,"b""Goldman Sees India's Stocks, Bonds and Rupee as Top Emerging Market Picks""",576
577,"b""Goldman Sees India's Stocks, Bonds and Rupee as Top Emerging Market Picks""",577
578,"b""Goldman Sees India's Stocks, Bonds and Rupee as Top Emerging Market Picks""",578
579,"b""Goldman Sees India's Stocks, Bonds and Rupee as Top Emerging Market Picks""",579
580,"b""Goldman Sees India's Stocks, Bonds and Rupee as Top Emerging Market Picks""",580
581,"b""Goldman Sees India's Stocks, Bonds and Rupee as Top Emerging Market Picks""",581
582,"b""Goldman Sees India's Stocks, Bonds and Rupee as Top Emerging Market Picks""",582
583,"b""Goldman Sees India's Stocks, Bonds and Rupee as Top Emerging Market Picks""",583
584,"b""Goldman Sees India's Stocks, Bonds and Rupee as Top Emerging Market Picks""",584
585,"b""Goldman Sees India's Stocks, Bonds and Rupee as Top Emerging Market Picks""",585
586,"b""Goldman Sees India's Stocks, Bonds and Rupee as Top Emerging Market Picks""",586
587,"b""Goldman Sees India's Stocks, Bonds and Rupee as Top Emerging Market Picks""",587
588,"b""Goldman Sees India's Stocks, Bonds and Rupee as Top Emerging Market Picks""",588
589,"b""Goldman Sees India's Stocks, Bonds and Rupee as Top Emerging Market Picks""",589
590,"b""Goldman Sees India's Stocks, Bonds and Rupee as Top Emerging Market Picks""",590
591,"b""Goldman Sees India's Stocks, Bonds and Rupee as Top Emerging Market Picks""",591
592,"b""Goldman Sees India's Stocks, Bonds and Rupee as Top Emerging Market Picks""",592
593,"b""Goldman Sees India's Stocks, Bonds and Rupee as Top Emerging Market Picks""",593
594,"b""Goldman Sees India's Stocks, Bonds and Rupee as Top Emerging Market Picks""",594
595,"b""Goldman Sees India's Stocks, Bonds and Rupee as Top Emerging Market Picks""",595
596,"b""Goldman Sees India's Stocks, Bonds and Rupee as Top Emerging Market Picks""",596
597,"b""Goldman Sees India's Stocks, Bonds and Rupee as Top Emerging Market Picks""",597
598,"b""Goldman Sees India's Stocks, Bonds and Rupee as Top Emerging Market Picks""",598
599,"b""Goldman Sees India's Stocks, Bonds and Rupee as Top Emerging Market Picks""",599
600,"b""Goldman Sees India's Stocks, Bonds and Rupee as Top Emerging Market Picks""",600
601,"b""Goldman Sees India's Stocks, Bonds and Rupee as Top Emerging Market Picks""",601
602,"b""Goldman Sees India's Stocks, Bonds and Rupee as Top Emerging Market Picks""",602
603,"b""Goldman Sees India's Stocks, Bonds and Rupee as Top Emerging Market Picks""",603
604,"b""Goldman Sees India's Stocks, Bonds and Rupee as Top Emerging Market Picks""",604
605,"b""Goldman Sees India's Stocks, Bonds and Rupee as Top Emerging Market Picks""",605
606,"b""Goldman Sees India's Stocks, Bonds and Rupee as Top Emerging Market Picks""",606
607,"b""Goldman Sees India's Stocks, Bonds and Rupee as Top Emerging Market Picks""",607
608,"b""Goldman Sees India's Stocks, Bonds and Rupee as Top Emerging Market Picks""",608
609,"b""Goldman Sees India's Stocks, Bonds and Rupee as Top Emerging Market Picks""",609
610,"b""Goldman Sees India's Stocks, Bonds and Rupee as Top Emerging Market Picks""",610
611,"b""Goldman Sees India's Stocks, Bonds and Rupee as Top Emerging Market Picks""",611
612,"b""Goldman Sees India's Stocks, Bonds and Rupee as Top Emerging Market Picks""",612
613,"b""Goldman Sees India's Stocks, Bonds and Rupee as Top Emerging Market Picks""",613
614,"b""Goldman Sees India's Stocks, Bonds and Rupee as Top Emerging Market Picks""",614
615,"b""Goldman Sees India's Stocks, Bonds and Rupee as Top Emerging Market Picks""",615
616,"b""Goldman Sees India's Stocks, Bonds and Rupee as Top Emerging Market Picks""",616
617,"b""Goldman Sees India's Stocks, Bonds and Rupee as Top Emerging Market Picks""",617
618,"b""Goldman Sees India's Stocks, Bonds and Rupee as Top Emerging Market Picks""",618
619,"b""Goldman Sees India's Stocks, Bonds and Rupee as Top Emerging Market Picks""",619
620,"b""Goldman Sees India's Stocks, Bonds and Rupee as Top Emerging Market Picks""",620
621,"b""Goldman Sees India's Stocks, Bonds and Rupee as Top Emerging Market Picks""",621
622,"b""Goldman Sees India's Stocks, Bonds and Rupee as Top Emerging Market Picks""",622
623,"b""Goldman Sees India's Stocks, Bonds and Rupee as Top Emerging Market Picks""",623
624,"b""Goldman Sees India's Stocks, Bonds and Rupee as Top Emerging Market Picks""",624
625,"b""Goldman Sees India's Stocks, Bonds and Rupee as Top Emerging Market Picks""",625
626,"b""Goldman Sees India's Stocks, Bonds and Rupee as Top Emerging Market Picks""",626
627,"b""Goldman Sees India's Stocks, Bonds and Rupee as Top Emerging Market Picks""",627
628,"b""Goldman Sees India's Stocks, Bonds and Rupee as Top Emerging Market Picks""",628
629,"b""Goldman Sees India's Stocks, Bonds and Rupee as Top Emerging Market Picks""",629
630,"b""Goldman Sees India's Stocks, Bonds and Rupee as Top Emerging Market Picks""",630
631,"b""Goldman Sees India's Stocks, Bonds and Rupee as Top Emerging Market Picks""",631
632,"b""Goldman Sees India's Stocks, Bonds and Rupee as Top Emerging Market Picks""",632
633,"b""Goldman Sees India's Stocks, Bonds and Rupee as Top Emerging Market Picks""",633
