,Headlines,BodyID
0,b'UK election campaign enters final straight',0
1,b'UK election campaign enters final straight',1
2,b'UK election campaign enters final straight',2
3,b'UK election campaign enters final straight',3
4,b'UK election campaign enters final straight',4
5,b'UK election campaign enters final straight',5
6,b'UK election campaign enters final straight',6
7,b'UK election campaign enters final straight',7
8,b'UK election campaign enters final straight',8
9,b'UK election campaign enters final straight',9
10,b'UK election campaign enters final straight',10
11,b'UK election campaign enters final straight',11
12,b'UK election campaign enters final straight',12
13,b'UK election campaign enters final straight',13
14,b'UK election campaign enters final straight',14
15,b'UK election campaign enters final straight',15
16,b'UK election campaign enters final straight',16
17,b'UK election campaign enters final straight',17
18,b'UK election campaign enters final straight',18
19,b'UK election campaign enters final straight',19
20,b'UK election campaign enters final straight',20
21,b'UK election campaign enters final straight',21
22,b'UK election campaign enters final straight',22
23,b'UK election campaign enters final straight',23
24,b'UK election campaign enters final straight',24
25,b'UK election campaign enters final straight',25
26,b'UK election campaign enters final straight',26
27,b'UK election campaign enters final straight',27
28,b'UK election campaign enters final straight',28
29,b'UK election campaign enters final straight',29
30,b'UK election campaign enters final straight',30
31,b'UK election campaign enters final straight',31
32,b'UK election campaign enters final straight',32
33,b'UK election campaign enters final straight',33
34,b'UK election campaign enters final straight',34
35,b'UK election campaign enters final straight',35
36,b'UK election campaign enters final straight',36
37,b'UK election campaign enters final straight',37
38,b'UK election campaign enters final straight',38
39,b'UK election campaign enters final straight',39
40,b'UK election campaign enters final straight',40
41,b'UK election campaign enters final straight',41
42,b'UK election campaign enters final straight',42
43,b'UK election campaign enters final straight',43
44,b'UK election campaign enters final straight',44
45,b'UK election campaign enters final straight',45
46,b'UK election campaign enters final straight',46
47,b'UK election campaign enters final straight',47
48,b'UK election campaign enters final straight',48
49,b'UK election campaign enters final straight',49
50,b'UK election campaign enters final straight',50
51,b'UK election campaign enters final straight',51
52,b'UK election campaign enters final straight',52
53,b'UK election campaign enters final straight',53
54,b'UK election campaign enters final straight',54
55,b'UK election campaign enters final straight',55
56,b'UK election campaign enters final straight',56
57,b'UK election campaign enters final straight',57
58,b'UK election campaign enters final straight',58
59,b'UK election campaign enters final straight',59
60,b'UK election campaign enters final straight',60
61,b'UK election campaign enters final straight',61
62,b'UK election campaign enters final straight',62
63,b'UK election campaign enters final straight',63
64,b'UK election campaign enters final straight',64
65,b'UK election campaign enters final straight',65
66,b'UK election campaign enters final straight',66
67,b'UK election campaign enters final straight',67
68,b'UK election campaign enters final straight',68
69,b'UK election campaign enters final straight',69
70,b'UK election campaign enters final straight',70
71,b'UK election campaign enters final straight',71
72,b'UK election campaign enters final straight',72
73,b'UK election campaign enters final straight',73
74,b'UK election campaign enters final straight',74
75,b'UK election campaign enters final straight',75
76,b'UK election campaign enters final straight',76
77,b'UK election campaign enters final straight',77
78,b'UK election campaign enters final straight',78
79,b'UK election campaign enters final straight',79
80,b'UK election campaign enters final straight',80
81,b'UK election campaign enters final straight',81
82,b'UK election campaign enters final straight',82
83,b'UK election campaign enters final straight',83
84,b'UK election campaign enters final straight',84
85,b'UK election campaign enters final straight',85
86,b'UK election campaign enters final straight',86
87,b'UK election campaign enters final straight',87
88,b'UK election campaign enters final straight',88
89,b'UK election campaign enters final straight',89
90,b'UK election campaign enters final straight',90
91,b'UK election campaign enters final straight',91
92,b'UK election campaign enters final straight',92
93,b'UK election campaign enters final straight',93
94,b'UK election campaign enters final straight',94
95,b'UK election campaign enters final straight',95
96,b'UK election campaign enters final straight',96
97,b'UK election campaign enters final straight',97
98,b'UK election campaign enters final straight',98
99,b'UK election campaign enters final straight',99
100,"b'Inde: Modi appelle au ""consensus"" \xc3\xa0 l\'ouverture du nouveau Parlement'",100
101,"b'Inde: Modi appelle au ""consensus"" \xc3\xa0 l\'ouverture du nouveau Parlement'",101
102,"b'Inde: Modi appelle au ""consensus"" \xc3\xa0 l\'ouverture du nouveau Parlement'",102
103,"b'Inde: Modi appelle au ""consensus"" \xc3\xa0 l\'ouverture du nouveau Parlement'",103
104,"b'Inde: Modi appelle au ""consensus"" \xc3\xa0 l\'ouverture du nouveau Parlement'",104
105,"b'Inde: Modi appelle au ""consensus"" \xc3\xa0 l\'ouverture du nouveau Parlement'",105
106,"b'Inde: Modi appelle au ""consensus"" \xc3\xa0 l\'ouverture du nouveau Parlement'",106
107,"b'Inde: Modi appelle au ""consensus"" \xc3\xa0 l\'ouverture du nouveau Parlement'",107
108,"b'Inde: Modi appelle au ""consensus"" \xc3\xa0 l\'ouverture du nouveau Parlement'",108
109,"b'Inde: Modi appelle au ""consensus"" \xc3\xa0 l\'ouverture du nouveau Parlement'",109
110,"b'Inde: Modi appelle au ""consensus"" \xc3\xa0 l\'ouverture du nouveau Parlement'",110
111,"b'Inde: Modi appelle au ""consensus"" \xc3\xa0 l\'ouverture du nouveau Parlement'",111
112,"b'Inde: Modi appelle au ""consensus"" \xc3\xa0 l\'ouverture du nouveau Parlement'",112
113,"b'Inde: Modi appelle au ""consensus"" \xc3\xa0 l\'ouverture du nouveau Parlement'",113
114,"b'Inde: Modi appelle au ""consensus"" \xc3\xa0 l\'ouverture du nouveau Parlement'",114
115,"b'Inde: Modi appelle au ""consensus"" \xc3\xa0 l\'ouverture du nouveau Parlement'",115
116,"b'Inde: Modi appelle au ""consensus"" \xc3\xa0 l\'ouverture du nouveau Parlement'",116
117,"b'Inde: Modi appelle au ""consensus"" \xc3\xa0 l\'ouverture du nouveau Parlement'",117
118,"b'Inde: Modi appelle au ""consensus"" \xc3\xa0 l\'ouverture du nouveau Parlement'",118
119,"b'Inde: Modi appelle au ""consensus"" \xc3\xa0 l\'ouverture du nouveau Parlement'",119
120,"b'Inde: Modi appelle au ""consensus"" \xc3\xa0 l\'ouverture du nouveau Parlement'",120
121,"b'Inde: Modi appelle au ""consensus"" \xc3\xa0 l\'ouverture du nouveau Parlement'",121
122,"b'Inde: Modi appelle au ""consensus"" \xc3\xa0 l\'ouverture du nouveau Parlement'",122
123,"b'Inde: Modi appelle au ""consensus"" \xc3\xa0 l\'ouverture du nouveau Parlement'",123
124,"b'Inde: Modi appelle au ""consensus"" \xc3\xa0 l\'ouverture du nouveau Parlement'",124
125,"b'Inde: Modi appelle au ""consensus"" \xc3\xa0 l\'ouverture du nouveau Parlement'",125
126,"b'Inde: Modi appelle au ""consensus"" \xc3\xa0 l\'ouverture du nouveau Parlement'",126
127,"b'Inde: Modi appelle au ""consensus"" \xc3\xa0 l\'ouverture du nouveau Parlement'",127
128,"b'Inde: Modi appelle au ""consensus"" \xc3\xa0 l\'ouverture du nouveau Parlement'",128
129,"b'Inde: Modi appelle au ""consensus"" \xc3\xa0 l\'ouverture du nouveau Parlement'",129
130,"b'Inde: Modi appelle au ""consensus"" \xc3\xa0 l\'ouverture du nouveau Parlement'",130
131,"b'Inde: Modi appelle au ""consensus"" \xc3\xa0 l\'ouverture du nouveau Parlement'",131
132,"b'Inde: Modi appelle au ""consensus"" \xc3\xa0 l\'ouverture du nouveau Parlement'",132
133,"b'Inde: Modi appelle au ""consensus"" \xc3\xa0 l\'ouverture du nouveau Parlement'",133
134,"b'Inde: Modi appelle au ""consensus"" \xc3\xa0 l\'ouverture du nouveau Parlement'",134
135,"b'Inde: Modi appelle au ""consensus"" \xc3\xa0 l\'ouverture du nouveau Parlement'",135
136,"b'Inde: Modi appelle au ""consensus"" \xc3\xa0 l\'ouverture du nouveau Parlement'",136
137,"b'Inde: Modi appelle au ""consensus"" \xc3\xa0 l\'ouverture du nouveau Parlement'",137
138,"b'Inde: Modi appelle au ""consensus"" \xc3\xa0 l\'ouverture du nouveau Parlement'",138
139,"b'Inde: Modi appelle au ""consensus"" \xc3\xa0 l\'ouverture du nouveau Parlement'",139
140,"b'Inde: Modi appelle au ""consensus"" \xc3\xa0 l\'ouverture du nouveau Parlement'",140
141,"b'Inde: Modi appelle au ""consensus"" \xc3\xa0 l\'ouverture du nouveau Parlement'",141
142,"b'Inde: Modi appelle au ""consensus"" \xc3\xa0 l\'ouverture du nouveau Parlement'",142
143,"b'Inde: Modi appelle au ""consensus"" \xc3\xa0 l\'ouverture du nouveau Parlement'",143
144,"b'Inde: Modi appelle au ""consensus"" \xc3\xa0 l\'ouverture du nouveau Parlement'",144
145,"b'Inde: Modi appelle au ""consensus"" \xc3\xa0 l\'ouverture du nouveau Parlement'",145
146,"b'Inde: Modi appelle au ""consensus"" \xc3\xa0 l\'ouverture du nouveau Parlement'",146
147,"b'Inde: Modi appelle au ""consensus"" \xc3\xa0 l\'ouverture du nouveau Parlement'",147
148,"b'Inde: Modi appelle au ""consensus"" \xc3\xa0 l\'ouverture du nouveau Parlement'",148
149,"b'Inde: Modi appelle au ""consensus"" \xc3\xa0 l\'ouverture du nouveau Parlement'",149
150,"b'Inde: Modi appelle au ""consensus"" \xc3\xa0 l\'ouverture du nouveau Parlement'",150
151,"b'Inde: Modi appelle au ""consensus"" \xc3\xa0 l\'ouverture du nouveau Parlement'",151
152,"b'Inde: Modi appelle au ""consensus"" \xc3\xa0 l\'ouverture du nouveau Parlement'",152
153,"b'Inde: Modi appelle au ""consensus"" \xc3\xa0 l\'ouverture du nouveau Parlement'",153
154,"b'Inde: Modi appelle au ""consensus"" \xc3\xa0 l\'ouverture du nouveau Parlement'",154
155,"b'Inde: Modi appelle au ""consensus"" \xc3\xa0 l\'ouverture du nouveau Parlement'",155
156,"b'Inde: Modi appelle au ""consensus"" \xc3\xa0 l\'ouverture du nouveau Parlement'",156
157,"b'Inde: Modi appelle au ""consensus"" \xc3\xa0 l\'ouverture du nouveau Parlement'",157
158,"b'Inde: Modi appelle au ""consensus"" \xc3\xa0 l\'ouverture du nouveau Parlement'",158
159,"b'Inde: Modi appelle au ""consensus"" \xc3\xa0 l\'ouverture du nouveau Parlement'",159
160,"b'Inde: Modi appelle au ""consensus"" \xc3\xa0 l\'ouverture du nouveau Parlement'",160
161,"b'Inde: Modi appelle au ""consensus"" \xc3\xa0 l\'ouverture du nouveau Parlement'",161
162,"b'Inde: Modi appelle au ""consensus"" \xc3\xa0 l\'ouverture du nouveau Parlement'",162
163,"b'Inde: Modi appelle au ""consensus"" \xc3\xa0 l\'ouverture du nouveau Parlement'",163
164,"b'Inde: Modi appelle au ""consensus"" \xc3\xa0 l\'ouverture du nouveau Parlement'",164
165,"b'Inde: Modi appelle au ""consensus"" \xc3\xa0 l\'ouverture du nouveau Parlement'",165
166,"b'Inde: Modi appelle au ""consensus"" \xc3\xa0 l\'ouverture du nouveau Parlement'",166
167,"b'Inde: Modi appelle au ""consensus"" \xc3\xa0 l\'ouverture du nouveau Parlement'",167
168,"b'Inde: Modi appelle au ""consensus"" \xc3\xa0 l\'ouverture du nouveau Parlement'",168
169,"b'Inde: Modi appelle au ""consensus"" \xc3\xa0 l\'ouverture du nouveau Parlement'",169
170,"b'Inde: Modi appelle au ""consensus"" \xc3\xa0 l\'ouverture du nouveau Parlement'",170
171,"b'Inde: Modi appelle au ""consensus"" \xc3\xa0 l\'ouverture du nouveau Parlement'",171
172,"b'Inde: Modi appelle au ""consensus"" \xc3\xa0 l\'ouverture du nouveau Parlement'",172
173,"b'Inde: Modi appelle au ""consensus"" \xc3\xa0 l\'ouverture du nouveau Parlement'",173
174,"b'Inde: Modi appelle au ""consensus"" \xc3\xa0 l\'ouverture du nouveau Parlement'",174
175,"b'Inde: Modi appelle au ""consensus"" \xc3\xa0 l\'ouverture du nouveau Parlement'",175
176,"b'Inde: Modi appelle au ""consensus"" \xc3\xa0 l\'ouverture du nouveau Parlement'",176
177,"b'Inde: Modi appelle au ""consensus"" \xc3\xa0 l\'ouverture du nouveau Parlement'",177
178,"b'Inde: Modi appelle au ""consensus"" \xc3\xa0 l\'ouverture du nouveau Parlement'",178
179,"b'Inde: Modi appelle au ""consensus"" \xc3\xa0 l\'ouverture du nouveau Parlement'",179
180,"b'Inde: Modi appelle au ""consensus"" \xc3\xa0 l\'ouverture du nouveau Parlement'",180
181,"b'Inde: Modi appelle au ""consensus"" \xc3\xa0 l\'ouverture du nouveau Parlement'",181
182,"b'Inde: Modi appelle au ""consensus"" \xc3\xa0 l\'ouverture du nouveau Parlement'",182
183,"b'Inde: Modi appelle au ""consensus"" \xc3\xa0 l\'ouverture du nouveau Parlement'",183
184,"b'Inde: Modi appelle au ""consensus"" \xc3\xa0 l\'ouverture du nouveau Parlement'",184
185,"b'Inde: Modi appelle au ""consensus"" \xc3\xa0 l\'ouverture du nouveau Parlement'",185
186,"b'Inde: Modi appelle au ""consensus"" \xc3\xa0 l\'ouverture du nouveau Parlement'",186
187,"b'Inde: Modi appelle au ""consensus"" \xc3\xa0 l\'ouverture du nouveau Parlement'",187
188,"b'Inde: Modi appelle au ""consensus"" \xc3\xa0 l\'ouverture du nouveau Parlement'",188
189,"b'Inde: Modi appelle au ""consensus"" \xc3\xa0 l\'ouverture du nouveau Parlement'",189
190,"b'Inde: Modi appelle au ""consensus"" \xc3\xa0 l\'ouverture du nouveau Parlement'",190
191,"b'Inde: Modi appelle au ""consensus"" \xc3\xa0 l\'ouverture du nouveau Parlement'",191
192,"b'Inde: Modi appelle au ""consensus"" \xc3\xa0 l\'ouverture du nouveau Parlement'",192
193,"b'Inde: Modi appelle au ""consensus"" \xc3\xa0 l\'ouverture du nouveau Parlement'",193
194,"b'Inde: Modi appelle au ""consensus"" \xc3\xa0 l\'ouverture du nouveau Parlement'",194
195,"b'Inde: Modi appelle au ""consensus"" \xc3\xa0 l\'ouverture du nouveau Parlement'",195
196,"b'Inde: Modi appelle au ""consensus"" \xc3\xa0 l\'ouverture du nouveau Parlement'",196
197,"b'Inde: Modi appelle au ""consensus"" \xc3\xa0 l\'ouverture du nouveau Parlement'",197
198,"b'Inde: Modi appelle au ""consensus"" \xc3\xa0 l\'ouverture du nouveau Parlement'",198
199,"b'Inde: Modi appelle au ""consensus"" \xc3\xa0 l\'ouverture du nouveau Parlement'",199
200,b'Tripura tribal party supremo meets Union Ministers to seek support for indigenous people',200
201,b'Tripura tribal party supremo meets Union Ministers to seek support for indigenous people',201
202,b'Tripura tribal party supremo meets Union Ministers to seek support for indigenous people',202
203,b'Tripura tribal party supremo meets Union Ministers to seek support for indigenous people',203
204,b'Tripura tribal party supremo meets Union Ministers to seek support for indigenous people',204
205,"b""India to be 'engine of green energy growth': MNRE Minister Pralhad Joshi""",205
206,"b""India to be 'engine of green energy growth': MNRE Minister Pralhad Joshi""",206
207,"b""India to be 'engine of green energy growth': MNRE Minister Pralhad Joshi""",207
208,"b""India to be 'engine of green energy growth': MNRE Minister Pralhad Joshi""",208
209,"b""India to be 'engine of green energy growth': MNRE Minister Pralhad Joshi""",209
210,"b""India to be 'engine of green energy growth': MNRE Minister Pralhad Joshi""",210
211,"b""India to be 'engine of green energy growth': MNRE Minister Pralhad Joshi""",211
212,"b""India to be 'engine of green energy growth': MNRE Minister Pralhad Joshi""",212
213,"b""India to be 'engine of green energy growth': MNRE Minister Pralhad Joshi""",213
214,"b""India to be 'engine of green energy growth': MNRE Minister Pralhad Joshi""",214
215,"b""India to be 'engine of green energy growth': MNRE Minister Pralhad Joshi""",215
216,"b""India to be 'engine of green energy growth': MNRE Minister Pralhad Joshi""",216
217,"b""India to be 'engine of green energy growth': MNRE Minister Pralhad Joshi""",217
218,"b""India to be 'engine of green energy growth': MNRE Minister Pralhad Joshi""",218
219,"b""India to be 'engine of green energy growth': MNRE Minister Pralhad Joshi""",219
220,"b""India to be 'engine of green energy growth': MNRE Minister Pralhad Joshi""",220
221,"b""India to be 'engine of green energy growth': MNRE Minister Pralhad Joshi""",221
222,"b""India to be 'engine of green energy growth': MNRE Minister Pralhad Joshi""",222
223,"b""India to be 'engine of green energy growth': MNRE Minister Pralhad Joshi""",223
224,"b""India to be 'engine of green energy growth': MNRE Minister Pralhad Joshi""",224
225,"b""India to be 'engine of green energy growth': MNRE Minister Pralhad Joshi""",225
226,"b""India to be 'engine of green energy growth': MNRE Minister Pralhad Joshi""",226
227,"b""India to be 'engine of green energy growth': MNRE Minister Pralhad Joshi""",227
228,"b""India to be 'engine of green energy growth': MNRE Minister Pralhad Joshi""",228
229,"b""India to be 'engine of green energy growth': MNRE Minister Pralhad Joshi""",229
230,"b""India to be 'engine of green energy growth': MNRE Minister Pralhad Joshi""",230
231,"b""India to be 'engine of green energy growth': MNRE Minister Pralhad Joshi""",231
232,"b""India to be 'engine of green energy growth': MNRE Minister Pralhad Joshi""",232
233,"b""India to be 'engine of green energy growth': MNRE Minister Pralhad Joshi""",233
234,"b""India to be 'engine of green energy growth': MNRE Minister Pralhad Joshi""",234
235,"b""India to be 'engine of green energy growth': MNRE Minister Pralhad Joshi""",235
236,"b""India to be 'engine of green energy growth': MNRE Minister Pralhad Joshi""",236
237,"b""India to be 'engine of green energy growth': MNRE Minister Pralhad Joshi""",237
238,"b""India to be 'engine of green energy growth': MNRE Minister Pralhad Joshi""",238
239,"b""India to be 'engine of green energy growth': MNRE Minister Pralhad Joshi""",239
240,"b""India to be 'engine of green energy growth': MNRE Minister Pralhad Joshi""",240
241,"b""India to be 'engine of green energy growth': MNRE Minister Pralhad Joshi""",241
242,"b""India to be 'engine of green energy growth': MNRE Minister Pralhad Joshi""",242
243,"b""India to be 'engine of green energy growth': MNRE Minister Pralhad Joshi""",243
244,"b""India to be 'engine of green energy growth': MNRE Minister Pralhad Joshi""",244
245,"b""India to be 'engine of green energy growth': MNRE Minister Pralhad Joshi""",245
246,"b""India to be 'engine of green energy growth': MNRE Minister Pralhad Joshi""",246
247,"b""India to be 'engine of green energy growth': MNRE Minister Pralhad Joshi""",247
248,"b""India to be 'engine of green energy growth': MNRE Minister Pralhad Joshi""",248
249,"b""India to be 'engine of green energy growth': MNRE Minister Pralhad Joshi""",249
250,"b""India to be 'engine of green energy growth': MNRE Minister Pralhad Joshi""",250
251,"b""India to be 'engine of green energy growth': MNRE Minister Pralhad Joshi""",251
252,"b""India to be 'engine of green energy growth': MNRE Minister Pralhad Joshi""",252
253,"b""India to be 'engine of green energy growth': MNRE Minister Pralhad Joshi""",253
254,"b""India to be 'engine of green energy growth': MNRE Minister Pralhad Joshi""",254
255,"b""India to be 'engine of green energy growth': MNRE Minister Pralhad Joshi""",255
256,"b""India to be 'engine of green energy growth': MNRE Minister Pralhad Joshi""",256
257,"b""India to be 'engine of green energy growth': MNRE Minister Pralhad Joshi""",257
258,"b""India to be 'engine of green energy growth': MNRE Minister Pralhad Joshi""",258
259,"b""India to be 'engine of green energy growth': MNRE Minister Pralhad Joshi""",259
260,"b""India to be 'engine of green energy growth': MNRE Minister Pralhad Joshi""",260
261,"b""India to be 'engine of green energy growth': MNRE Minister Pralhad Joshi""",261
262,"b""India to be 'engine of green energy growth': MNRE Minister Pralhad Joshi""",262
263,"b""India to be 'engine of green energy growth': MNRE Minister Pralhad Joshi""",263
264,"b""India to be 'engine of green energy growth': MNRE Minister Pralhad Joshi""",264
265,"b""India to be 'engine of green energy growth': MNRE Minister Pralhad Joshi""",265
266,"b""India to be 'engine of green energy growth': MNRE Minister Pralhad Joshi""",266
267,"b""India to be 'engine of green energy growth': MNRE Minister Pralhad Joshi""",267
268,"b""India to be 'engine of green energy growth': MNRE Minister Pralhad Joshi""",268
269,"b""India to be 'engine of green energy growth': MNRE Minister Pralhad Joshi""",269
270,"b""India to be 'engine of green energy growth': MNRE Minister Pralhad Joshi""",270
271,"b""India to be 'engine of green energy growth': MNRE Minister Pralhad Joshi""",271
272,"b""India to be 'engine of green energy growth': MNRE Minister Pralhad Joshi""",272
273,"b""India to be 'engine of green energy growth': MNRE Minister Pralhad Joshi""",273
274,"b""India to be 'engine of green energy growth': MNRE Minister Pralhad Joshi""",274
275,"b""India to be 'engine of green energy growth': MNRE Minister Pralhad Joshi""",275
276,"b""India to be 'engine of green energy growth': MNRE Minister Pralhad Joshi""",276
277,"b""India to be 'engine of green energy growth': MNRE Minister Pralhad Joshi""",277
278,"b""India to be 'engine of green energy growth': MNRE Minister Pralhad Joshi""",278
279,"b""India to be 'engine of green energy growth': MNRE Minister Pralhad Joshi""",279
280,"b""India to be 'engine of green energy growth': MNRE Minister Pralhad Joshi""",280
281,"b""India to be 'engine of green energy growth': MNRE Minister Pralhad Joshi""",281
282,"b""India to be 'engine of green energy growth': MNRE Minister Pralhad Joshi""",282
283,"b""India to be 'engine of green energy growth': MNRE Minister Pralhad Joshi""",283
284,"b""India to be 'engine of green energy growth': MNRE Minister Pralhad Joshi""",284
285,"b""India to be 'engine of green energy growth': MNRE Minister Pralhad Joshi""",285
286,"b""India to be 'engine of green energy growth': MNRE Minister Pralhad Joshi""",286
287,"b""India to be 'engine of green energy growth': MNRE Minister Pralhad Joshi""",287
288,"b""India to be 'engine of green energy growth': MNRE Minister Pralhad Joshi""",288
289,"b""India to be 'engine of green energy growth': MNRE Minister Pralhad Joshi""",289
290,"b""India to be 'engine of green energy growth': MNRE Minister Pralhad Joshi""",290
291,"b""India to be 'engine of green energy growth': MNRE Minister Pralhad Joshi""",291
292,"b""India to be 'engine of green energy growth': MNRE Minister Pralhad Joshi""",292
293,"b""India to be 'engine of green energy growth': MNRE Minister Pralhad Joshi""",293
294,"b""India to be 'engine of green energy growth': MNRE Minister Pralhad Joshi""",294
295,"b""India to be 'engine of green energy growth': MNRE Minister Pralhad Joshi""",295
296,"b""India to be 'engine of green energy growth': MNRE Minister Pralhad Joshi""",296
297,"b""India to be 'engine of green energy growth': MNRE Minister Pralhad Joshi""",297
298,"b""India to be 'engine of green energy growth': MNRE Minister Pralhad Joshi""",298
299,"b""India to be 'engine of green energy growth': MNRE Minister Pralhad Joshi""",299
300,"b""India to be 'engine of green energy growth': MNRE Minister Pralhad Joshi""",300
301,"b""India to be 'engine of green energy growth': MNRE Minister Pralhad Joshi""",301
302,"b""India to be 'engine of green energy growth': MNRE Minister Pralhad Joshi""",302
303,"b""India to be 'engine of green energy growth': MNRE Minister Pralhad Joshi""",303
304,"b""India to be 'engine of green energy growth': MNRE Minister Pralhad Joshi""",304
305,"b'Rahul Gandhi meets railways loco pilots, they complain of inadequate rest'",305
306,"b'Rahul Gandhi meets railways loco pilots, they complain of inadequate rest'",306
307,"b'Rahul Gandhi meets railways loco pilots, they complain of inadequate rest'",307
308,"b'Rahul Gandhi meets railways loco pilots, they complain of inadequate rest'",308
309,"b'Rahul Gandhi meets railways loco pilots, they complain of inadequate rest'",309
310,"b'Rahul Gandhi meets railways loco pilots, they complain of inadequate rest'",310
311,"b'Rahul Gandhi meets railways loco pilots, they complain of inadequate rest'",311
312,"b'Rahul Gandhi meets railways loco pilots, they complain of inadequate rest'",312
313,"b'Rahul Gandhi meets railways loco pilots, they complain of inadequate rest'",313
314,"b'Rahul Gandhi meets railways loco pilots, they complain of inadequate rest'",314
315,"b'Rahul Gandhi meets railways loco pilots, they complain of inadequate rest'",315
316,"b'Rahul Gandhi meets railways loco pilots, they complain of inadequate rest'",316
317,"b'Rahul Gandhi meets railways loco pilots, they complain of inadequate rest'",317
318,"b'Rahul Gandhi meets railways loco pilots, they complain of inadequate rest'",318
319,"b'Rahul Gandhi meets railways loco pilots, they complain of inadequate rest'",319
320,"b'Rahul Gandhi meets railways loco pilots, they complain of inadequate rest'",320
321,"b'Rahul Gandhi meets railways loco pilots, they complain of inadequate rest'",321
322,"b'Rahul Gandhi meets railways loco pilots, they complain of inadequate rest'",322
323,"b'Rahul Gandhi meets railways loco pilots, they complain of inadequate rest'",323
324,"b'Rahul Gandhi meets railways loco pilots, they complain of inadequate rest'",324
325,"b'Rahul Gandhi meets railways loco pilots, they complain of inadequate rest'",325
326,"b'Rahul Gandhi meets railways loco pilots, they complain of inadequate rest'",326
327,"b'Rahul Gandhi meets railways loco pilots, they complain of inadequate rest'",327
328,"b'Rahul Gandhi meets railways loco pilots, they complain of inadequate rest'",328
329,"b'Rahul Gandhi meets railways loco pilots, they complain of inadequate rest'",329
330,"b'Rahul Gandhi meets railways loco pilots, they complain of inadequate rest'",330
331,"b'Rahul Gandhi meets railways loco pilots, they complain of inadequate rest'",331
332,"b'Rahul Gandhi meets railways loco pilots, they complain of inadequate rest'",332
333,"b'Rahul Gandhi meets railways loco pilots, they complain of inadequate rest'",333
334,"b'Rahul Gandhi meets railways loco pilots, they complain of inadequate rest'",334
335,"b'Rahul Gandhi meets railways loco pilots, they complain of inadequate rest'",335
336,"b'Rahul Gandhi meets railways loco pilots, they complain of inadequate rest'",336
337,"b'Rahul Gandhi meets railways loco pilots, they complain of inadequate rest'",337
338,"b'Rahul Gandhi meets railways loco pilots, they complain of inadequate rest'",338
339,"b'Rahul Gandhi meets railways loco pilots, they complain of inadequate rest'",339
340,"b'Rahul Gandhi meets railways loco pilots, they complain of inadequate rest'",340
341,"b'Rahul Gandhi meets railways loco pilots, they complain of inadequate rest'",341
342,"b'Rahul Gandhi meets railways loco pilots, they complain of inadequate rest'",342
343,"b'Rahul Gandhi meets railways loco pilots, they complain of inadequate rest'",343
344,"b'Rahul Gandhi meets railways loco pilots, they complain of inadequate rest'",344
345,"b'Rahul Gandhi meets railways loco pilots, they complain of inadequate rest'",345
346,"b'Rahul Gandhi meets railways loco pilots, they complain of inadequate rest'",346
347,"b'Rahul Gandhi meets railways loco pilots, they complain of inadequate rest'",347
348,"b'Rahul Gandhi meets railways loco pilots, they complain of inadequate rest'",348
349,"b'Rahul Gandhi meets railways loco pilots, they complain of inadequate rest'",349
350,"b'Rahul Gandhi meets railways loco pilots, they complain of inadequate rest'",350
351,"b'Rahul Gandhi meets railways loco pilots, they complain of inadequate rest'",351
352,"b'Rahul Gandhi meets railways loco pilots, they complain of inadequate rest'",352
353,"b'Rahul Gandhi meets railways loco pilots, they complain of inadequate rest'",353
354,"b'Rahul Gandhi meets railways loco pilots, they complain of inadequate rest'",354
355,"b'Rahul Gandhi meets railways loco pilots, they complain of inadequate rest'",355
356,"b'Rahul Gandhi meets railways loco pilots, they complain of inadequate rest'",356
357,"b'Rahul Gandhi meets railways loco pilots, they complain of inadequate rest'",357
358,"b'Rahul Gandhi meets railways loco pilots, they complain of inadequate rest'",358
359,"b'Rahul Gandhi meets railways loco pilots, they complain of inadequate rest'",359
360,"b'Rahul Gandhi meets railways loco pilots, they complain of inadequate rest'",360
361,"b'Rahul Gandhi meets railways loco pilots, they complain of inadequate rest'",361
362,"b'Rahul Gandhi meets railways loco pilots, they complain of inadequate rest'",362
363,"b'Rahul Gandhi meets railways loco pilots, they complain of inadequate rest'",363
364,"b'Rahul Gandhi meets railways loco pilots, they complain of inadequate rest'",364
365,"b'Rahul Gandhi meets railways loco pilots, they complain of inadequate rest'",365
366,"b'Rahul Gandhi meets railways loco pilots, they complain of inadequate rest'",366
367,"b'Rahul Gandhi meets railways loco pilots, they complain of inadequate rest'",367
368,"b'Rahul Gandhi meets railways loco pilots, they complain of inadequate rest'",368
369,"b'Rahul Gandhi meets railways loco pilots, they complain of inadequate rest'",369
370,"b'Rahul Gandhi meets railways loco pilots, they complain of inadequate rest'",370
371,"b'Rahul Gandhi meets railways loco pilots, they complain of inadequate rest'",371
372,"b'Rahul Gandhi meets railways loco pilots, they complain of inadequate rest'",372
373,"b'Rahul Gandhi meets railways loco pilots, they complain of inadequate rest'",373
374,"b'Rahul Gandhi meets railways loco pilots, they complain of inadequate rest'",374
375,"b'Rahul Gandhi meets railways loco pilots, they complain of inadequate rest'",375
376,"b'Rahul Gandhi meets railways loco pilots, they complain of inadequate rest'",376
377,"b'Rahul Gandhi meets railways loco pilots, they complain of inadequate rest'",377
378,"b'Rahul Gandhi meets railways loco pilots, they complain of inadequate rest'",378
379,"b'Rahul Gandhi meets railways loco pilots, they complain of inadequate rest'",379
380,"b'Rahul Gandhi meets railways loco pilots, they complain of inadequate rest'",380
381,"b'Rahul Gandhi meets railways loco pilots, they complain of inadequate rest'",381
382,"b'Rahul Gandhi meets railways loco pilots, they complain of inadequate rest'",382
383,"b'Rahul Gandhi meets railways loco pilots, they complain of inadequate rest'",383
384,"b'Rahul Gandhi meets railways loco pilots, they complain of inadequate rest'",384
385,"b'Rahul Gandhi meets railways loco pilots, they complain of inadequate rest'",385
386,"b'Rahul Gandhi meets railways loco pilots, they complain of inadequate rest'",386
387,"b'Rahul Gandhi meets railways loco pilots, they complain of inadequate rest'",387
388,"b'Rahul Gandhi meets railways loco pilots, they complain of inadequate rest'",388
389,"b'Rahul Gandhi meets railways loco pilots, they complain of inadequate rest'",389
390,"b'Rahul Gandhi meets railways loco pilots, they complain of inadequate rest'",390
391,"b'Rahul Gandhi meets railways loco pilots, they complain of inadequate rest'",391
392,"b'Rahul Gandhi meets railways loco pilots, they complain of inadequate rest'",392
393,"b'Rahul Gandhi meets railways loco pilots, they complain of inadequate rest'",393
394,"b'Rahul Gandhi meets railways loco pilots, they complain of inadequate rest'",394
395,"b'Rahul Gandhi meets railways loco pilots, they complain of inadequate rest'",395
396,"b'Rahul Gandhi meets railways loco pilots, they complain of inadequate rest'",396
397,"b'Rahul Gandhi meets railways loco pilots, they complain of inadequate rest'",397
398,"b'Rahul Gandhi meets railways loco pilots, they complain of inadequate rest'",398
399,"b'Rahul Gandhi meets railways loco pilots, they complain of inadequate rest'",399
400,"b'Rahul Gandhi meets railways loco pilots, they complain of inadequate rest'",400
401,"b'Rahul Gandhi meets railways loco pilots, they complain of inadequate rest'",401
402,"b'Rahul Gandhi meets railways loco pilots, they complain of inadequate rest'",402
403,"b'Rahul Gandhi meets railways loco pilots, they complain of inadequate rest'",403
404,"b'Rahul Gandhi meets railways loco pilots, they complain of inadequate rest'",404
