,id,source,url
0,0,b'Yahoo News',b'https://sg.news.yahoo.com/uk-election-campaign-enters-final-020021068.html'
1,1,b'Yahoo News',b'https://sg.news.yahoo.com/nepals-maoist-pm-loses-parliamentary-120710610.html'
2,2,b'Reuters',b'https://www.reuters.com/world/india/indias-modi-wins-test-strength-parliament-with-election-speaker-2024-06-26/'
3,3,b'Economic Times',b'https://economictimes.indiatimes.com/news/politics-and-nation/neet-ug-row-nta-conducts-all-tests-through-private-companies-says-jairam-ramesh/videoshow/111379477.cms'
4,4,b'Economic Times',b'https://economictimes.indiatimes.com/news/economy/policy/budget-2024-fm-sitharaman-unveils-nps-vatsalya-scheme-now-parents-can-invest-for-their-child/videoshow/111952555.cms'
5,5,b'Economic Times',b'https://economictimes.indiatimes.com/news/india/1984-anti-sikh-riots-delhi-court-reserves-order-on-framing-of-charge-in-riots-case-against-jagdish-tytler/articleshow/111857493.cms'
6,6,b'Economic Times',b'https://economictimes.indiatimes.com/tech/technology/karnataka-releases-draft-gig-workers-bill-seeks-comments-from-platforms-other-stakeholders/articleshow/111380394.cms'
7,7,b'Economic Times',b'https://economictimes.indiatimes.com/news/politics-and-nation/congress-to-gherao-chattissgarh-vidhan-sabha-over-law-and-order-sachin-pilot/articleshow/111979849.cms'
8,8,b'Economic Times',b'https://economictimes.indiatimes.com/news/india/assam-removal-of-gandhi-statue-for-clock-tower-construction-sparks-row/articleshow/111693901.cms'
9,9,b'Economic Times',b'https://economictimes.indiatimes.com/news/politics-and-nation/hope-for-impartiality-say-tmc-dmk-on-birla-being-elected-ls-speaker/articleshow/111278921.cms'
10,10,b'Economic Times',b'https://economictimes.indiatimes.com/news/elections/assembly-elections/haryana/congress-may-not-project-cm-face-for-haryana-polls-party-in-charge-for-state/articleshow/111382272.cms'
11,11,b'Economic Times',b'https://economictimes.indiatimes.com/news/politics-and-nation/narendra-modi-busy-saving-his-govt-rahul-gandhi-flags-10-issues-in-first-15-days-of-nda/articleshow/111229494.cms'
12,12,b'Economic Times',b'https://economictimes.indiatimes.com/news/politics-and-nation/reservation-row-congresss-jairam-ramesh-questions-jdus-silence-on-caste-census-and-reservation/videoshow/111384495.cms'
13,13,b'Economic Times',b'https://economictimes.indiatimes.com/news/politics-and-nation/sharad-pawar-leader-of-corruption-says-amit-shah-takes-aurangzeb-fan-club-jibe-at-uddhav/articleshow/111904442.cms'
14,14,b'Economic Times',b'https://economictimes.indiatimes.com/news/india/anant-ambani-weds-radhika-at-star-studded-event/articleshow/111696711.cms'
15,15,b'Economic Times',b'https://economictimes.indiatimes.com/news/politics-and-nation/rajya-sabha-opposition-members-attack-govt-over-paper-leaks-demand-cancellation-of-neet-exam/articleshow/111436770.cms'
16,16,b'Economic Times',b'https://economictimes.indiatimes.com/news/politics-and-nation/will-he-apologise-bjp-mp-ravi-shankar-prasad-slams-rahul-gandhi-for-calling-examination-system-fraud/articleshow/111979680.cms'
17,17,b'Economic Times',b'https://economictimes.indiatimes.com/news/politics-and-nation/decision-to-implement-new-criminal-laws-taken-in-haste-congress-leader-adhir-ranjan-chowdhury/articleshow/111385801.cms'
18,18,b'Economic Times',b'https://economictimes.indiatimes.com/news/india/couple-in-illicit-relationship-assaulted-in-bengal-video-goes-viral/articleshow/111385940.cms'
19,19,b'Economic Times',b'https://economictimes.indiatimes.com/news/politics-and-nation/west-bengal-governor-cv-ananda-bose-warns-of-states-financial-breakdown/articleshow/111386098.cms'
20,20,b'Economic Times',b'https://economictimes.indiatimes.com/news/politics-and-nation/congress-priyanka-gandhi-expresses-grief-over-loss-of-lives-in-assams-flood-situation-appeals-party-for-assistance/articleshow/111552978.cms'
21,21,b'Economic Times',b'https://economictimes.indiatimes.com/news/politics-and-nation/narendra-modi-rahul-gandhi-share-a-warm-moment-at-the-lok-sabha-well-as-birla-is-named-speaker/articleshow/111279266.cms'
22,22,b'Economic Times',b'https://economictimes.indiatimes.com/news/politics-and-nation/how-long-do-you-want-to-rule-by-talking-about-this-kharge-slams-pms-emergency-remark/articleshow/111226489.cms'
23,23,b'Economic Times',b'https://economictimes.indiatimes.com/news/economy/policy/budget-is-about-modis-kursi-bachao-plan-or-political-pragmatism-sitharaman-clarifies-the-motive-behind-funds-to-naidu-nitish/articleshow/112003637.cms'
24,24,b'Economic Times',b'https://economictimes.indiatimes.com/news/politics-and-nation/pm-modi-amit-shah-dont-understand-complexity-of-north-east-claims-congress-gaurav-gogoi/articleshow/111945098.cms'
25,25,b'Economic Times',b'https://economictimes.indiatimes.com/news/politics-and-nation/government-using-two-crutches-of-tdp-jdu-opposition/articleshow/111431266.cms'
26,26,b'Economic Times',b'https://economictimes.indiatimes.com/news/politics-and-nation/assembly-bypolls-results-2024-vote-counting-underway-for-13-seats-across-7-states/articleshow/111704614.cms'
27,27,b'Economic Times',b'https://economictimes.indiatimes.com/news/politics-and-nation/all-party-meet-congress-demands-discussion-on-neet-up-eateries-row-manipur/articleshow/111905397.cms'
28,28,b'Economic Times',b'https://economictimes.indiatimes.com/news/politics-and-nation/pm-is-obsessed-with-gandhi-family-robert-vadra-slams-pm-modi-over-emergency-jibe/videoshow/111237762.cms'
29,29,b'Economic Times',b'https://economictimes.indiatimes.com/news/politics-and-nation/law-commission-should-draft-crucial-bills-not-panel-with-part-time-members-chidambaram/articleshow/111557695.cms'
30,30,b'Economic Times',b'https://economictimes.indiatimes.com/news/politics-and-nation/siddaramaiah-deletes-post-on-private-jobs-reservation-amid-severe-backlash/articleshow/111804905.cms'
31,31,b'Economic Times',b'https://economictimes.indiatimes.com/news/politics-and-nation/copy-cong-manifesto-a-bit-more-pc-in-rs-bjp-mp-a-visionary-budget/articleshow/111996599.cms'
32,32,b'Economic Times',b'https://economictimes.indiatimes.com/news/new-updates/captain-anshuman-singhs-parents-allege-daughter-in-law-took-everything-demand-next-of-kin-policy-revision/articleshow/111681818.cms'
33,33,b'Economic Times',b'https://economictimes.indiatimes.com/news/sports/rahul-gandhi-congratulates-team-india-highlights-suryas-brilliant-catch-rohits-leadership-and-rahuls-guidance/articleshow/111369966.cms'
34,34,b'Economic Times',b'https://economictimes.indiatimes.com/news/india/bombay-high-court-quashes-magistrate-order-allowing-fresh-documents-against-rahul-gandhi-in-defamation-case/articleshow/111683421.cms'
35,35,b'Economic Times',b'https://economictimes.indiatimes.com/news/politics-and-nation/kangana-ranaut-asks-visitors-to-bring-aadhaar-card-to-meet-her-congress-reacts/articleshow/111683017.cms'
36,36,b'Economic Times',b'https://economictimes.indiatimes.com/news/politics-and-nation/pm-modi-open-to-billionaire-tax-congress-seeks-indias-stand-on-issue-at-g20/articleshow/111685111.cms'
37,37,b'Economic Times',b'https://economictimes.indiatimes.com/news/politics-and-nation/dont-use-derogatory-language-towards-smriti-irani-rahul-gandhi-defends-former-minister-from-online-trolling/articleshow/111685545.cms'
38,38,b'Economic Times',b'https://economictimes.indiatimes.com/news/elections/assembly-elections/maharashtra/congress-will-prepare-to-contest-from-all-seats-in-maharashtra-assembly-polls-says-state-chief-nana-patole/articleshow/111533636.cms'
39,39,b'Economic Times',b'https://economictimes.indiatimes.com/news/politics-and-nation/will-ensure-hardworking-labourers-get-full-rights-respect-rahul-gandhi/articleshow/111533735.cms'
40,40,b'Economic Times',b'https://economictimes.indiatimes.com/news/india/ind-vs-sa-t20-final-from-president-murmu-to-rahul-gandhi-leaders-extend-heartiest-congratulations-to-men-in-blue-for-clinching-icc-t20-2024-trophy/articleshow/111373651.cms'
41,41,b'Economic Times',b'https://economictimes.indiatimes.com/news/politics-and-nation/yet-another-headline-grabbing-exercise-congress-targets-centre-for-declaring-june-25-as-constitution-murder-day/articleshow/111690555.cms'
42,42,b'Economic Times',b'https://economictimes.indiatimes.com/news/economy/policy/income-tax-gold-jewellery-mobile-phone-price-how-budget-2024-will-help-you-save-more-money/budget-2024-increases-standard-deductionnbsp/slideshow/111952984.cms'
43,43,b'Economic Times',b'https://economictimes.indiatimes.com/news/politics-and-nation/creating-lots-of-confusion-union-minister-pralhad-joshi-on-demand-for-more-deputy-cms-in-karnataka/articleshow/111374624.cms'
44,44,b'Economic Times',b'https://economictimes.indiatimes.com/news/politics-and-nation/war-of-words-between-jagdeep-dhankhar-and-mallikarjun-kharge/articleshow/111439706.cms'
45,45,b'Economic Times',b'https://economictimes.indiatimes.com/news/politics-and-nation/pm-modi-suggests-panel-of-nda-spokespersons-for-united-face-on-important-issues/articleshow/111439693.cms'
46,46,b'Economic Times',b'https://economictimes.indiatimes.com/news/politics-and-nation/glad-that-fm-read-congress-2024-manifesto-after-election-results-p-chidambarams-dig-at-government/articleshow/111952905.cms'
47,47,b'Economic Times',b'https://economictimes.indiatimes.com/news/politics-and-nation/after-rahuls-blistering-attack-on-bjp-scindia-tells-arrogant-cong-to-recognise-reality/articleshow/111556364.cms'
48,48,b'Economic Times',b'https://economictimes.indiatimes.com/news/politics-and-nation/special-status-demand-triggers-political-slugfest-in-bihar/articleshow/111690791.cms'
49,49,b'Economic Times',b'https://economictimes.indiatimes.com/news/politics-and-nation/nothing-short-of-bigotry-congress-slams-bjp-as-muzaffarnagar-order-extends-across-up-uttarakhand/articleshow/111867799.cms'
50,50,b'Economic Times',b'https://economictimes.indiatimes.com/news/politics-and-nation/why-mahadev-app-not-banned-by-centre-and-chhattisgarh-governments-bhupesh-baghel/articleshow/111438955.cms'
51,51,b'Economic Times',b'https://economictimes.indiatimes.com/magazines/panache/21-year-old-splurges-rs-10-lakh-on-new-car-meet-ias-aspirant-who-also-runs-a-thriving-coaching-business/articleshow/111378834.cms'
52,52,b'Economic Times',b'https://economictimes.indiatimes.com/news/politics-and-nation/who-insults-parliamentary-procedures-on-daily-basis-not-us-kapil-sibal-to-jagdeep-dhankhar/articleshow/111555808.cms'
53,53,b'Economic Times',b'https://economictimes.indiatimes.com/news/politics-and-nation/june-4-will-go-down-as-modi-mukti-diwas-congress-slams-governments-samvidhaan-hatya-diwas-move/articleshow/111693003.cms'
54,54,b'Economic Times',b'https://economictimes.indiatimes.com/news/politics-and-nation/lack-of-democracy-within-brs-leaders-suffocating-congress-prabhakar-rao/articleshow/111534780.cms'
55,55,b'Economic Times',b'https://economictimes.indiatimes.com/news/politics-and-nation/opposition-members-wave-copies-of-constitution-on-first-day-of-18th-lok-sabha/articleshow/111231759.cms'
56,56,b'Economic Times',b'https://economictimes.indiatimes.com/news/politics-and-nation/ruckus-in-odisha-assembly-over-andhra-pradeshs-polavaram-project/articleshow/112012267.cms'
57,57,b'Economic Times',b'https://economictimes.indiatimes.com/news/politics-and-nation/abhay-mudra-the-story-behind-congresss-choice-of-hand-symbol/articleshow/111426374.cms'
58,58,b'Economic Times',b'https://economictimes.indiatimes.com/news/india/two-houses-were-destroyed-in-violence-hit-gandatwisa-in-tripuras-dhalai-district/articleshow/111788784.cms'
59,59,b'Economic Times',b'https://economictimes.indiatimes.com/news/politics-and-nation/victory-of-himachal-cms-wife-kamlesh-thakur-in-assembly-by-elections-creates-new-record/articleshow/111715232.cms'
60,60,b'Economic Times',b'https://economictimes.indiatimes.com/news/politics-and-nation/probably-trying-to-please-voters-of-wayanad-bjp-on-rahul-gandhis-comments-in-ls/articleshow/111425404.cms'
61,61,b'Economic Times',b'https://economictimes.indiatimes.com/news/politics-and-nation/mp-bjps-kamlesh-shah-defeats-congress-challenger-in-amarwara-assembly-seat-bypoll/articleshow/111716050.cms'
62,62,b'Economic Times',b'https://economictimes.indiatimes.com/news/politics-and-nation/no-independent-mla-in-assembly-for-first-time-in-electoral-history-of-himachal/articleshow/111715847.cms'
63,63,b'Economic Times',b'https://economictimes.indiatimes.com/news/politics-and-nation/unfortunate-that-rahul-gandhijis-statements-are-being-distorted-shiv-sena-ubt-leader-priyanka-chaturvedi/articleshow/111424632.cms'
64,64,b'Economic Times',b'https://economictimes.indiatimes.com/news/india/heavy-rains-eknath-shinde-govt-must-announce-financial-package-for-affected-farmers-says-wadettiwar/articleshow/112014768.cms'
65,65,b'Economic Times',b'https://economictimes.indiatimes.com/news/politics-and-nation/vp-jagdeep-dhankar-slams-p-chidambaram-over-part-timer-remark/articleshow/111537631.cms'
66,66,b'Economic Times',b'https://economictimes.indiatimes.com/news/politics-and-nation/its-official-indian-politics-now-means-modi-versus-rahul/articleshow/111283266.cms'
67,67,b'Economic Times',b'https://economictimes.indiatimes.com/news/politics-and-nation/third-eye-party-offices-shift-yoga-struggles-and-ragas-farewell/articleshow/111212346.cms'
68,68,b'Economic Times',b'https://economictimes.indiatimes.com/news/politics-and-nation/who-insults-parliamentary-procedures-on-daily-basis-not-us-kapil-sibal-to-vice-president-jagdeep-dhankhar/articleshow/111550361.cms'
69,69,b'Economic Times',b'https://economictimes.indiatimes.com/news/politics-and-nation/truth-can-be-expunged-in-modis-world-not-in-reality-rahul-gandhi/videoshow/111423644.cms'
70,70,b'Economic Times',b'https://economictimes.indiatimes.com/news/elections/assembly-elections/haryana/baniya-ka-betu-hu-payi-payi-ka-hisab-lekar-chaltu-hu-amit-shah-takes-a-jibe-at-congress-hisaab-maange-haryana-campaign/articleshow/111787547.cms'
71,71,b'Economic Times',b'https://economictimes.indiatimes.com/news/politics-and-nation/msp-has-become-maximum-suffering-for-farmers-under-modi-govt-randeep-surjewala/articleshow/112015250.cms'
72,72,b'Economic Times',b'https://economictimes.indiatimes.com/news/politics-and-nation/leader-of-opposition-not-just-a-post-rahul-gandhi/articleshow/111718652.cms'
73,73,b'Economic Times',b'https://economictimes.indiatimes.com/news/politics-and-nation/rahul-gandhi-lok-sabha-speech-highlights-full-hindu-narendra-modi-amit-shah/articleshow/111402144.cms'
74,74,b'Economic Times',b'https://economictimes.indiatimes.com/news/politics-and-nation/the-truth-can-be-expunged-in-modijis-world-but-not-in-reality-says-rahul-on-parts-of-his-parliament-speech-being-expunged/articleshow/111422797.cms'
75,75,b'Economic Times',b'https://economictimes.indiatimes.com/news/politics-and-nation/opposition-upset-as-first-time-a-non-congress-leader-became-pm-for-third-term-narendra-modi/articleshow/111422099.cms'
76,76,b'Economic Times',b'https://economictimes.indiatimes.com/news/elections/assembly-elections/maharashtra/oppn-alliance-boycotts-cms-tea-party-on-eve-of-maharashtra-monsoon-session/articleshow/111284242.cms'
77,77,b'Economic Times',b'https://economictimes.indiatimes.com/news/politics-and-nation/why-is-modi-always-serious-rahul-gandhi-asks-in-parliament-check-pms-reply/articleshow/111402772.cms'
78,78,b'Economic Times',b'https://economictimes.indiatimes.com/news/politics-and-nation/narendra-modi-bjp-and-rss-are-not-the-entire-hindu-society-rahul-gandhis-first-speech-as-lok-sabha-lop/articleshow/111403094.cms'
79,79,b'Economic Times',b'https://economictimes.indiatimes.com/news/politics-and-nation/bjp-does-not-know-about-sanatan-dharma-should-leave-congress-chalisa-do-vikas-chalisa-pappu-yadav/videoshow/111422334.cms'
80,80,b'Economic Times',b'https://economictimes.indiatimes.com/news/politics-and-nation/18th-lok-sabha-om-birla-2-0-emergency-attack-and-working-with-shehzada-will-modi-govts-approach-in-parliament-remain-same/articleshow/111294925.cms'
81,81,b'Economic Times',b'https://economictimes.indiatimes.com/news/politics-and-nation/rajya-sabha-chair-expunges-kharges-remarks-on-pm-poll-speeches-rss/articleshow/111404090.cms'
82,82,b'Economic Times',b'https://economictimes.indiatimes.com/news/india/ed-attaches-rs-300-cr-worth-land-of-m3m-realty-group-in-case-involving-cong-leader-bhupinder-hooda/articleshow/111865880.cms'
83,83,b'Economic Times',b'https://economictimes.indiatimes.com/news/politics-and-nation/we-do-not-align-with-fake-hindutva-portrayed-by-bjp-sanjay-raut-backs-rahul-gandhis-remarks-in-parliament/articleshow/111421362.cms'
84,84,b'Economic Times',b'https://economictimes.indiatimes.com/news/india/defamation-case-up-court-orders-personal-appearance-of-rahul-gandhi-on-july-2/articleshow/111280043.cms'
85,85,b'Economic Times',b'https://economictimes.indiatimes.com/news/politics-and-nation/pm-modi-taunts-rahul-gandhi-in-lok-sabha-as-a-kid-who-fell-from-cycle-and-scored-99/543-calls-him-baalak-buddhi/articleshow/111433773.cms'
86,86,b'Economic Times',b'https://economictimes.indiatimes.com/news/elections/assembly-elections/maharashtra/action-taken-against-congress-mlas-who-cross-voted-in-maharashtra-council-polls-venugopal/articleshow/111859159.cms'
87,87,b'Economic Times',b'https://economictimes.indiatimes.com/news/politics-and-nation/rahul-gandhi-behaving-like-unruly-student-leader-says-uma-bharti/articleshow/111433310.cms'
88,88,b'Economic Times',b'https://economictimes.indiatimes.com/news/politics-and-nation/kishori-lal-sharma-backs-rahul-gandhi-for-slamming-trollers-of-smriti-irani/articleshow/111706856.cms'
89,89,b'Economic Times',b'https://economictimes.indiatimes.com/news/india/as-new-criminal-laws-come-into-effect-heres-what-experts-think-of-their-impact-on-legal-system/articleshow/111391882.cms'
90,90,b'Economic Times',b'https://economictimes.indiatimes.com/politics/jharkhand-cm-soren-accuses-bjp-of-humilating-judiciary-hopes-kejriwal-to-be-out-of-jail-soon/articleshow/111709620.cms'
91,91,b'Economic Times',b'https://economictimes.indiatimes.com/news/politics-and-nation/rahul-gandhi-writes-to-prime-minister-modi-requests-him-to-lead-parliamentary-debate-on-neet/articleshow/111432007.cms'
92,92,b'Economic Times',b'https://economictimes.indiatimes.com/news/politics-and-nation/opposition-upset-as-first-time-non-congress-leader-a-chai-wala-became-pm-for-third-term-modi/articleshow/111431670.cms'
93,93,b'Economic Times',b'https://economictimes.indiatimes.com/news/india/bulldozing-three-existing-laws-chidambaram-slams-govt-over-new-criminal-laws/articleshow/111392861.cms'
94,94,b'Economic Times',b'https://economictimes.indiatimes.com/news/politics-and-nation/i-had-suggested-to-cwc-that-rahul-gandhi-should-be-leader-of-opposition-in-ls-karnataka-cm-siddaramaiah/articleshow/111280726.cms'
95,95,b'Economic Times',b'https://economictimes.indiatimes.com/news/politics-and-nation/priyanka-gandhi-slams-ndas-samvidhan-hatya-diwas-declaration-cites-hypocrisy/articleshow/111710826.cms'
96,96,b'Economic Times',b'https://economictimes.indiatimes.com/news/politics-and-nation/mp-assembly-adjourned-after-ruckus-over-rahul-gandhis-remarks/articleshow/111430823.cms'
97,97,b'Economic Times',b'https://economictimes.indiatimes.com/news/politics-and-nation/railways-says-rahul-gandhi-met-drivers-from-outside-we-have-similar-issues-counter-unions/articleshow/111536985.cms'
98,98,b'Economic Times',b'https://economictimes.indiatimes.com/news/politics-and-nation/vesting-more-powers-in-lg-means-j-k-statehood-still-away-congress/articleshow/111712071.cms'
99,99,b'Economic Times',b'https://economictimes.indiatimes.com/news/politics-and-nation/bansuri-swaraj-gives-notice-in-ls-pointing-out-alleged-inaccuracies-in-rahul-gandhis-speech/articleshow/111430036.cms'
100,100,b'Yahoo actualit\xc3\xa9s',b'https://fr.news.yahoo.com/inde-modi-appelle-au-consensus-092256344.html'
101,101,b'Yahoo actualit\xc3\xa9s',b'https://fr.news.yahoo.com/inde-lopposant-rahul-gandhi-rena%C3%AEt-080030822.html'
102,102,b'Yahoo News',b'https://sg.news.yahoo.com/indias-modi-lay-third-term-051242296.html'
103,103,b'Yahoo News',b'https://sg.news.yahoo.com/indias-rahul-gandhi-faces-test-052241636.html'
104,104,b'Yahoo News',b'https://sg.news.yahoo.com/indias-modi-calls-consensus-parliament-071448643.html'
105,105,b'Yahoo News',b'https://sg.news.yahoo.com/indias-rahul-gandhi-appointed-parliamentary-172723271.html'
106,106,b'Yahoo News',b'https://sg.news.yahoo.com/indias-lawmakers-oath-without-duo-095645905.html'
107,107,b'Yahoo News',b'https://sg.news.yahoo.com/indian-opposition-chief-vows-lawmakers-072619869.html'
108,108,b'Yahoo News (Taiwan)',b'https://tw.news.yahoo.com/%E5%8D%B0%E5%BA%A6%E5%AE%A3%E5%B8%83-%E6%86%B2%E6%B3%95%E8%AC%80%E6%AE%BA%E6%97%A5-%E8%AD%A6%E6%83%95%E7%8D%A8%E8%A3%81%E9%BB%91%E6%AD%B7%E5%8F%B2-132548950.html'
109,109,b'Reuters',b'https://www.reuters.com/world/india/indias-modi-wins-test-strength-parliament-with-election-speaker-2024-06-26/'
110,110,b'Reuters',b'https://www.reuters.com/world/india/indias-parliament-removes-parts-opposition-leader-rahul-gandhis-speech-targeting-2024-07-02/'
111,111,b'ETtoday\xe6\x96\xb0\xe8\x81\x9e\xe9\x9b\xb2',b'https://www.ettoday.net/news/20240712/2776380.htm'
112,112,b'BBC',b'https://www.bbc.com/news/articles/clmmy1pedepo'
113,113,b'Economic Times',b'https://economictimes.indiatimes.com/news/politics-and-nation/mp-assembly-adjourned-after-ruckus-over-rahul-gandhis-remarks/articleshow/111430823.cms'
114,114,b'Economic Times',b'https://economictimes.indiatimes.com/news/politics-and-nation/no-guarantee-for-peoples-lives-in-tamil-nadu-under-dmk-rule-annamalai-on-bsp-leaders-murder/articleshow/111535632.cms'
115,115,b'Economic Times',b'https://economictimes.indiatimes.com/news/politics-and-nation/mob-lynching-increased-after-june-4-asaduddin-owaisis-new-modiji-ka-bulldozer-jibe-at-bjp/videoshow/111430554.cms'
116,116,b'Economic Times',b'https://economictimes.indiatimes.com/news/politics-and-nation/all-works-are-carried-out-under-the-guidance-of-pm-modi-manipur-cm-biren-singh/articleshow/111639518.cms'
117,117,b'Economic Times',b'https://economictimes.indiatimes.com/news/politics-and-nation/bansuri-swaraj-gives-notice-in-ls-pointing-out-alleged-inaccuracies-in-rahul-gandhis-speech/articleshow/111430036.cms'
118,118,b'Economic Times',b'https://economictimes.indiatimes.com/nri/migrate/top-10-most-expensive-cities-for-expats-us-canada-hong-kong-singapore-switzerland-united-states-new-york/10-most-expensive-cities-to-live-in-uk-us-new-york-switzerland-geneva-us-visa-live-in-us-live-abroad/slideshow/111425508.cms'
119,119,b'Economic Times',b'https://economictimes.indiatimes.com/news/politics-and-nation/maharashtra-leader-of-opposition-in-council-danve-suspended-for-misbehaviour/articleshow/111429580.cms'
120,120,b'Economic Times',b'https://economictimes.indiatimes.com/news/politics-and-nation/no-alliance-with-aap-in-future-delhi-congress/articleshow/111641474.cms'
121,121,b'Economic Times',b'https://economictimes.indiatimes.com/news/politics-and-nation/one-who-eats-beef-shows-lord-shivas-picture-in-parliament-rajasthan-bjp-chiefs-veiled-jibe-at-rahul-gandhi/articleshow/111825876.cms'
122,122,b'Economic Times',b'https://economictimes.indiatimes.com/news/politics-and-nation/sudhanshu-trivedi-criticizes-rahul-gandhi-calls-for-end-to-violent-rhetoric-in-politics/articleshow/111835683.cms'
123,123,b'Economic Times',b'https://economictimes.indiatimes.com/news/politics-and-nation/even-if-sp-wins-all-80-seats-in-uttar-pradesh-it-wont-restore-our-faith-in-evms-akhilesh-yadav-in-lok-sabha/videoshow/111424983.cms'
124,124,b'Economic Times',b'https://economictimes.indiatimes.com/markets/stocks/news/10-largecap-stock-ideas-with-upside-potential-of-up-to-22-from-axis-securities/bluechip-bets/slideshow/111427535.cms'
125,125,b'Economic Times',b'https://economictimes.indiatimes.com/news/politics-and-nation/railways-says-rahul-gandhi-met-drivers-from-outside-we-have-similar-issues-counter-unions/articleshow/111536985.cms'
126,126,b'Economic Times',b'https://economictimes.indiatimes.com/news/politics-and-nation/scrap-agnipath-bring-back-the-old-army-recruitment-scheme-hanuman-beniwal/videoshow/111426722.cms'
127,127,b'Economic Times',b'https://economictimes.indiatimes.com/news/politics-and-nation/probably-trying-to-please-voters-of-wayanad-bjp-on-rahul-gandhis-comments-in-ls/articleshow/111425404.cms'
128,128,b'Economic Times',b'https://economictimes.indiatimes.com/news/politics-and-nation/rahul-gandhi-meets-kin-of-victims-of-various-tragedies-in-gujarat/articleshow/111539147.cms'
129,129,b'Economic Times',b'https://economictimes.indiatimes.com/news/politics-and-nation/expunging-speech-against-tenets-of-democracy-says-rahul-gandhi-in-letter-to-speaker/articleshow/111425964.cms'
130,130,b'Economic Times',b'https://economictimes.indiatimes.com/mf/analysis/these-10-passive-mutual-funds-offered-highest-returns-in-first-half-of-2024/chart-toppers/slideshow/111529509.cms'
131,131,b'Economic Times',b'https://economictimes.indiatimes.com/news/economy/policy/budget-2024-fm-sitharaman-to-present-union-budget-in-lok-sabha-on-july-23/videoshow/111538072.cms'
132,132,b'Economic Times',b'https://economictimes.indiatimes.com/news/politics-and-nation/sultanpur-court-asks-rahul-gandhi-to-make-personal-appearance-on-july-26-in-defamation-case/articleshow/111426678.cms'
133,133,b'Economic Times',b'https://economictimes.indiatimes.com/news/politics-and-nation/after-trump-attack-bjp-leader-rs-prasad-targets-rahul-gandhis-past-remarks-against-pm-modi/videoshow/111834906.cms'
134,134,b'Economic Times',b'https://economictimes.indiatimes.com/news/politics-and-nation/rahul-gandhi-insulted-hindus-his-ls-speech-full-of-lies-rajasthan-cm-bhajanlal-sharma/articleshow/111426241.cms'
135,135,b'Economic Times',b'https://economictimes.indiatimes.com/news/politics-and-nation/congress-spreading-lies-about-agniveers-pm-modi/articleshow/111438414.cms'
136,136,b'Economic Times',b'https://economictimes.indiatimes.com/markets/stocks/news/what-nses-price-capping-on-sme-ipos-mean/videoshow/111533622.cms'
137,137,b'Economic Times',b'https://economictimes.indiatimes.com/news/politics-and-nation/congress-hits-back-at-pm-modi-says-people-told-his-govt-in-polls-tumse-na-ho-payega/articleshow/111437924.cms'
138,138,b'Economic Times',b'https://economictimes.indiatimes.com/news/india/defamation-case-up-court-orders-personal-appearance-of-rahul-gandhi-on-july-2/articleshow/111280043.cms'
139,139,b'Economic Times',b'https://economictimes.indiatimes.com/news/politics-and-nation/modi-hits-back-at-rahul-gandhi-over-hindu-byte-quotes-vivekananda/videoshow/111436835.cms'
140,140,b'Economic Times',b'https://economictimes.indiatimes.com/news/politics-and-nation/will-stand-by-all-your-just-decisions-hope-there-will-be-no-more-expulsions-akhilesh-yadav-in-ls/videoshow/111280276.cms'
141,141,b'Economic Times',b'https://economictimes.indiatimes.com/news/politics-and-nation/pm-modi-speaks-on-neet-says-govt-wont-spare-those-behind-paper-leaks/articleshow/111435594.cms'
142,142,b'Economic Times',b'https://economictimes.indiatimes.com/news/elections/assembly-elections/maharashtra/congress-will-prepare-to-contest-from-all-seats-in-maharashtra-assembly-polls-says-state-chief-nana-patole/articleshow/111533636.cms'
143,143,b'Economic Times',b'https://economictimes.indiatimes.com/news/politics-and-nation/speaker-post-election-consensus-process-failed-india-bloc-wanted-to-dictate-terms-piyush-goyal/videoshow/111252307.cms'
144,144,b'Economic Times',b'https://economictimes.indiatimes.com/news/politics-and-nation/pm-modi-calls-july-1-as-khatakhat-diwas-targets-rahul-gandhi-over-rs-8500-per-month-promise/videoshow/111435058.cms'
145,145,b'Economic Times',b'https://economictimes.indiatimes.com/news/politics-and-nation/will-ensure-hardworking-labourers-get-full-rights-respect-rahul-gandhi/articleshow/111533735.cms'
146,146,b'Economic Times',b'https://economictimes.indiatimes.com/news/politics-and-nation/congress-demands-strict-action-against-terrorists/articleshow/111791703.cms'
147,147,b'Economic Times',b'https://economictimes.indiatimes.com/news/politics-and-nation/will-defeat-modi-and-bjp-in-gujarat-just-like-we-defeated-them-in-ayodhya-rahul-gandhi-to-congress-workers/articleshow/111533813.cms'
148,148,b'Economic Times',b'https://economictimes.indiatimes.com/news/politics-and-nation/lok-sabha-mic-fiasco-who-turned-of-rahul-gandhis-mic-om-birla-explains/congress-allegations/slideshow/111432925.cms'
149,149,b'Economic Times',b'https://economictimes.indiatimes.com/news/politics-and-nation/i-had-suggested-to-cwc-that-rahul-gandhi-should-be-leader-of-opposition-in-ls-karnataka-cm-siddaramaiah/articleshow/111280726.cms'
150,150,b'Economic Times',b'https://economictimes.indiatimes.com/news/politics-and-nation/pm-modi-taunts-rahul-gandhi-in-lok-sabha-as-a-kid-who-fell-from-cycle-and-scored-99/543-calls-him-baalak-buddhi/articleshow/111433773.cms'
151,151,b'Economic Times',b'https://economictimes.indiatimes.com/news/politics-and-nation/rahul-gandhi-behaving-like-unruly-student-leader-says-uma-bharti/articleshow/111433310.cms'
152,152,b'Economic Times',b'https://economictimes.indiatimes.com/news/politics-and-nation/no-one-weaker-than-lalu-yadav-bjps-giriraj-singh-on-rjd-chiefs-modi-govt-is-weak-jibe/videoshow/111535472.cms'
153,153,b'Economic Times',b'https://economictimes.indiatimes.com/news/politics-and-nation/narendra-modi-speech-parliament-session-2024-live-rahul-gandhi-congress-india-hindu-lok-sabha/articleshow/111431618.cms'
154,154,b'Economic Times',b'https://economictimes.indiatimes.com/news/politics-and-nation/ambadas-danves-suspension-a-one-sided-decision-and-pre-planned-conspiracy-uddhav-thackeray/articleshow/111432152.cms'
155,155,b'Economic Times',b'https://economictimes.indiatimes.com/news/politics-and-nation/rahul-gandhi-writes-to-prime-minister-modi-requests-him-to-lead-parliamentary-debate-on-neet/articleshow/111432007.cms'
156,156,b'Economic Times',b'https://economictimes.indiatimes.com/news/politics-and-nation/uddhav-thackeray-defends-rahul-gandhi-says-bjp-does-not-have-monopoly-on-hinduism/videoshow/111431755.cms'
157,157,b'Economic Times',b'https://economictimes.indiatimes.com/news/politics-and-nation/opposition-upset-as-first-time-non-congress-leader-a-chai-wala-became-pm-for-third-term-modi/articleshow/111431670.cms'
158,158,b'Economic Times',b'https://economictimes.indiatimes.com/news/politics-and-nation/telangana-govt-to-waive-crop-loans-of-up-to-rs-one-lakh-on-july-18/articleshow/111814548.cms'
159,159,b'Economic Times',b'https://economictimes.indiatimes.com/news/politics-and-nation/bjp-took-rs-60-crore-bribe-in-liquor-scam-via-electoral-bonds-aaps-sanjay-singh/videoshow/111431535.cms'
160,160,b'Economic Times',b'https://economictimes.indiatimes.com/news/politics-and-nation/yatras-plots-add-to-fault-lines-in-poll-bound-haryana-congress/articleshow/111817432.cms'
161,161,b'Economic Times',b'https://economictimes.indiatimes.com/news/politics-and-nation/pm-modis-systematic-bludgeoning-of-msmes-has-been-economic-catastrophe-congress/articleshow/111637293.cms'
162,162,b'Economic Times',b'https://economictimes.indiatimes.com/news/politics-and-nation/what-was-wrong-in-saying-ask-congress-digvijaya-singh-on-rahul-gandhis-remark-in-parliament/articleshow/111420635.cms'
163,163,b'Economic Times',b'https://economictimes.indiatimes.com/news/politics-and-nation/portions-of-rahul-gandhis-speech-in-lok-sabha-expunged/articleshow/111420767.cms'
164,164,b'Economic Times',b'https://economictimes.indiatimes.com/news/economy/policy/dream-budget-to-black-budget-revisiting-the-iconic-budgets-of-india/black-bugdet/slideshow/111230318.cms'
165,165,b'Economic Times',b'https://economictimes.indiatimes.com/news/politics-and-nation/goa-chief-minister-seeks-rahul-gandhis-apology-on-his-remarks-in-lok-sabha/articleshow/111420093.cms'
166,166,b'Economic Times',b'https://economictimes.indiatimes.com/news/politics-and-nation/pm-modi-to-address-lok-sabha-respond-to-motion-of-thanks-today/articleshow/111419748.cms'
167,167,b'Economic Times',b'https://economictimes.indiatimes.com/news/newsblogs/daily-news-and-latest-updates-parliament-lok-sabha-rajya-sabha-pm-modi-rahul-gandhi-lop-imd-weather-alert-rains-monsoon-hurricane-beryl-neet-protest-sc-indian-economy-live-2-july-2024/liveblog/111417596.cms'
168,168,b'Economic Times',b'https://economictimes.indiatimes.com/news/politics-and-nation/assam-will-become-a-muslim-majority-state-by-2041-cm-himanta-biswa-sarma/articleshow/111881124.cms'
169,169,b'Economic Times',b'https://economictimes.indiatimes.com/news/politics-and-nation/my-phone-has-been-hacked-by-pegasus-pdp-chief-mehbooba-muftis-daughter/articleshow/111636147.cms'
170,170,b'Economic Times',b'https://economictimes.indiatimes.com/news/politics-and-nation/narendra-modi-busy-saving-his-govt-rahul-gandhi-flags-10-issues-in-first-15-days-of-nda/articleshow/111229494.cms'
171,171,b'Economic Times',b'https://economictimes.indiatimes.com/news/politics-and-nation/bjp-will-bring-out-white-paper-on-demography-in-jharkhand-to-protect-tribal-lands-rights-shah/articleshow/111884713.cms'
172,172,b'Economic Times',b'https://economictimes.indiatimes.com/news/politics-and-nation/kanwar-yatra-nameplate-row-they-want-to-finish-rights-of-muslims-dalits-alleges-mehbooba-mufti/videoshow/111885620.cms'
173,173,b'Economic Times',b'https://economictimes.indiatimes.com/news/politics-and-nation/is-modis-policy-agenda-at-risk-in-new-parliament-heres-what-might-now-happen-to-some-of-his-key-plans/articleshow/111229294.cms'
174,174,b'Economic Times',b'https://economictimes.indiatimes.com/news/elections/assembly-elections/jharkhand/amit-shah-slams-rahul-gandhi-for-arrogance-despite-congs-defeat-in-lok-sabha-polls/articleshow/111889619.cms'
175,175,b'Economic Times',b'https://economictimes.indiatimes.com/news/politics-and-nation/rahul-gandhi-learned-mathematics-from-pakistan-assam-cm-himanta-biswa-sarma-mocks-congress-leader/videoshow/111890973.cms'
176,176,b'Economic Times',b'https://economictimes.indiatimes.com/news/politics-and-nation/tamil-nadu-hooch-tragedy-nadda-writes-to-kharge-questions-congress-stoic-silence/articleshow/111228910.cms'
177,177,b'Economic Times',b'https://economictimes.indiatimes.com/news/politics-and-nation/your-dedication-to-peoples-cause-is-an-inspiration-rahul-gandhi-greets-mallikarjun-kharge-on-birthday/articleshow/111897721.cms'
178,178,b'Economic Times',b'https://economictimes.indiatimes.com/news/politics-and-nation/rahul-gandhi-chosen-to-receive-oommen-chandy-award/articleshow/111900848.cms'
179,179,b'Economic Times',b'https://economictimes.indiatimes.com/industry/transportation/airlines-/-aviation/airbus-and-tata-collaborate-to-launch-first-made-in-india-h125-helicopter-in-2026-south-asia-head-sunny-guglani/videoshow/111900853.cms'
180,180,b'Economic Times',b'https://economictimes.indiatimes.com/news/india/kanwariyas-on-high-spirited-mode-as-sawan-begins-on-july-22-express-satisfaction-with-arrangements/videoshow/111901238.cms'
181,181,b'Economic Times',b'https://economictimes.indiatimes.com/mf/analysis/what-mirae-asset-mutual-fund-bought-and-sold-in-june-here-is-the-breakup/mf-watch/slideshow/111901202.cms'
182,182,b'Economic Times',b'https://economictimes.indiatimes.com/news/politics-and-nation/sharad-pawar-leader-of-corruption-says-amit-shah-takes-aurangzeb-fan-club-jibe-at-uddhav/articleshow/111904442.cms'
183,183,b'Economic Times',b'https://economictimes.indiatimes.com/news/politics-and-nation/rahul-gandhi-akhilesh-hema-malini-owaisi-take-oath-as-lok-sabha-members/articleshow/111265802.cms'
184,184,b'Economic Times',b'https://economictimes.indiatimes.com/news/politics-and-nation/congress-expresses-concern-over-increasing-terror-strikes/articleshow/111615261.cms'
185,185,b'Economic Times',b'https://economictimes.indiatimes.com/news/politics-and-nation/after-top-leaders-join-congress-brs-reminds-rahul-gandhi-of-constitution/articleshow/111614912.cms'
186,186,b'Economic Times',b'https://economictimes.indiatimes.com/news/politics-and-nation/pm-modi-five-ministers-lead-charge-seek-apology-from-rahul-gandhi/articleshow/111412910.cms'
187,187,b'Economic Times',b'https://economictimes.indiatimes.com/news/politics-and-nation/anurag-thakur-starts-lok-sabha-debate-takes-a-dig-at-leader-of-opposition-rahul-gandhi/articleshow/111412780.cms'
188,188,b'Economic Times',b'https://economictimes.indiatimes.com/news/politics-and-nation/no-button-here-says-speaker/articleshow/111412717.cms'
189,189,b'Economic Times',b'https://economictimes.indiatimes.com/news/politics-and-nation/rahul-gandhi-targeted-bjps-politics-of-hatred-not-hindus-aap-mp-malvinder-singh-kang-defends-lops-remarks/articleshow/111424858.cms'
190,190,b'Economic Times',b'https://economictimes.indiatimes.com/news/politics-and-nation/quota-flip-flop-leaves-no-easy-way-for-karnataka-govt-congress/articleshow/111844572.cms'
191,191,b'Economic Times',b'https://economictimes.indiatimes.com/news/politics-and-nation/cannot-be-expunged-from-peoples-memories-rjd-mp-manoj-jha-on-rahul-gandhis-remarks-in-parliament/articleshow/111424955.cms'
192,192,b'Economic Times',b'https://economictimes.indiatimes.com/news/international/world-news/trump-challenges-biden-to-debate-without-moderators-and-a-golf-match-teases-vp-kamala-harris/videoshow/111639082.cms'
193,193,b'Economic Times',b'https://economictimes.indiatimes.com/news/politics-and-nation/unfortunate-that-rahul-gandhijis-statements-are-being-distorted-shiv-sena-ubt-leader-priyanka-chaturvedi/articleshow/111424632.cms'
194,194,b'Economic Times',b'https://economictimes.indiatimes.com/news/politics-and-nation/rahul-gandhi-to-be-the-leader-of-opposition-in-lok-sabha-congress-announces/videoshow/111266049.cms'
195,195,b'Economic Times',b'https://economictimes.indiatimes.com/news/politics-and-nation/opposition-members-wave-copies-of-constitution-on-first-day-of-18th-lok-sabha/articleshow/111231759.cms'
196,196,b'Economic Times',b'https://economictimes.indiatimes.com/markets/stocks/news/indigo-among-4-stocks-with-upside-potential-of-up-to-34/stocks-that-rock/slideshow/111423506.cms'
197,197,b'Economic Times',b'https://economictimes.indiatimes.com/markets/stocks/news/these-5-sme-ipos-listed-in-h124-are-trading-at-least-300-above-issue-price-do-you-own-any/premium-ipos/slideshow/111423812.cms'
198,198,b'Economic Times',b'https://economictimes.indiatimes.com/news/politics-and-nation/bjp-mla-bharath-shetty-booked-for-remarks-against-rahul-gandhi/articleshow/111638691.cms'
199,199,b'Economic Times',b'https://economictimes.indiatimes.com/news/politics-and-nation/assam-will-become-a-muslim-majority-state-by-2041-cm-himanta-biswa-sarma/articleshow/111856802.cms'
200,200,b'The Hans India',b'https://www.thehansindia.com/news/national/tripura-tribal-party-supremo-meets-union-ministers-to-seek-support-for-indigenous-people-889439'
201,201,b'Social News XYZ',b'https://www.socialnews.xyz/2024/07/04/tripura-tribal-party-supremo-meets-union-ministers-to-seek-support-for-indigenous-people/'
202,202,b'MorungExpress',b'https://morungexpress.com/tripura-tribal-party-supremo-meets-union-ministers-to-seek-support-for-indigenous-people'
203,203,b'Eastern Mirror',b'https://easternmirrornagaland.com/tripura-tribal-party-supremo-meets-union-ministers-to-seek-support-for-indigenous-people/'
204,204,b'News9live',b'https://www.news9live.com/opinion-analysis/explained-why-are-the-tribals-demanding-a-separate-bhil-pradesh-2628659'
205,205,b'Economic Times',b'https://economictimes.indiatimes.com/industry/renewables/india-to-be-engine-of-green-energy-growth-mnre-minister-pralhad-joshi/articleshow/111864630.cms'
206,206,b'Economic Times',b'https://economictimes.indiatimes.com/news/politics-and-nation/muda-scam-more-than-rs-3800-cr-transferred-to-cm-siddaramaiahs-wifes-name-claims-bjp/videoshow/111534176.cms'
207,207,b'Economic Times',b'https://economictimes.indiatimes.com/industry/renewables/government-issues-guidelines-for-rs-4950-crore-incentive-to-discoms-under-pm-surya-ghar-scheme/articleshow/111931529.cms'
208,208,b'Economic Times',b'https://economictimes.indiatimes.com/news/politics-and-nation/creating-lots-of-confusion-union-minister-pralhad-joshi-on-demand-for-more-deputy-cms-in-karnataka/articleshow/111374624.cms'
209,209,b'Economic Times',b'https://economictimes.indiatimes.com/industry/renewables/1-28-cr-registrations-received-under-pm-surya-ghar-muft-bijli-yojana-minister/articleshow/111967568.cms'
210,210,b'Economic Times',b'https://economictimes.indiatimes.com/news/economy/policy/budget-2024-indias-economic-growth-will-be-shining-exception-says-fm-nirmala-sitharaman/articleshow/111948771.cms'
211,211,b'Economic Times',b'https://economictimes.indiatimes.com/news/politics-and-nation/muda-scam-complaint-filed-against-karnataka-cm-siddaramaiah-nine-others/articleshow/111627844.cms'
212,212,b'The Times of India',b'https://timesofindia.indiatimes.com/city/hubballi/pralhad-joshi-accuses-rahul-gandhi-and-siddaramaiah-of-involvement-in-karnataka-scams/articleshow/111723285.cms'
213,213,b'The Times of India',b'https://timesofindia.indiatimes.com/city/hubballi/mahindra-car-rally-commemorating-25-years-of-kargil-vijay-diwas/articleshow/111499528.cms'
214,214,b'The Times of India',b'https://timesofindia.indiatimes.com/city/hubballi/property-tax-concession-deadline-extended-to-july-31/articleshow/111546582.cms'
215,215,b'The Times of India',b'https://timesofindia.indiatimes.com/city/hubballi/pralhad-joshi-challenges-cm-siddaramaiah-to-prove-innocence-in-muda-scam-before-hosting-ahinda-convention/articleshow/111546769.cms'
216,216,b'The Times of India',b'https://timesofindia.indiatimes.com/city/bengaluru/muda-scam-karnataka-cm-siddaramaiahs-2013-affidavit-for-assembly-polls-under-scanner/articleshow/111547490.cms'
217,217,b'The Times of India',b'https://timesofindia.indiatimes.com/city/bengaluru/two-children-among-13-dead-as-muv-rams-lorry-near-haveri/articleshow/111353663.cms'
218,218,b'The Times of India',b'https://timesofindia.indiatimes.com/city/hubballi/karnataka-cm-siddaramaiah-faces-calls-to-resign-over-muda-scam/articleshow/111912461.cms'
219,219,b'The Times of India',b'https://timesofindia.indiatimes.com/city/hubballi/union-minister-pralhad-joshi-inaugurates-nicu-at-chitaguppi-hospital/articleshow/111563486.cms'
220,220,b'The Times of India',b'https://timesofindia.indiatimes.com/city/hubballi/ramappa-badiger-elected-as-23rd-mayor-of-hubballi-dharwad/articleshow/111373374.cms'
221,221,b'The Times of India',b'https://timesofindia.indiatimes.com/city/hubballi/priyadarshinis-children-reunite-with-grandparents-in-dharwad/articleshow/111723094.cms'
222,222,b'The Times of India',b'https://timesofindia.indiatimes.com/city/hubballi/bjp-busy-finalising-candidate-for-mayoral-poll/articleshow/111243790.cms'
223,223,b'The Times of India',b'https://timesofindia.indiatimes.com/city/hubballi/forums-oppose-ramanna-badigers-nomination/articleshow/111243440.cms'
224,224,b'The Times of India',b'https://timesofindia.indiatimes.com/city/hubballi/two-children-to-live-with-grandparents-10-months-after-moms-death/articleshow/111243219.cms'
225,225,b'NDTV',b'https://www.ndtv.com/india-news/dk-shivakumar-on-chief-minister-post-buzz-high-command-will-decide-based-on-my-work-5996614'
226,226,b'Hindustan Times',b'https://www.hindustantimes.com/india-news/yogi-adityanath-union-minister-question-rahul-gandhis-maturity-after-lok-sabha-speech-101719839943519.html'
227,227,b'Hindustan Times',b'https://www.hindustantimes.com/india-news/15-killed-as-van-rams-into-truck-in-karnataka-police-suspect-driver-dozed-off-101719600053321.html'
228,228,b'Hindustan Times',b'https://www.hindustantimes.com/india-news/centre-to-mark-emergency-opposition-hits-out-101720810190161.html'
229,229,b'Hindustan Times',b'https://www.hindustantimes.com/india-news/goa-officials-inspect-halted-kalasa-banduri-irrigation-project-in-belagavi-101720379459951.html'
230,230,b'Hindustan Times',b'https://www.hindustantimes.com/india-news/behaving-like-a-traitor-bjp-lambasts-charanjit-singh-channi-for-backing-amritpal-singh-101721911813711.html'
231,231,b'Hindustan Times',b'https://www.hindustantimes.com/cities/bengaluru-news/basavaraj-bommai-seeks-cbi-investigation-into-muda-sites-allocation-scam-in-karnataka-101720415475665.html'
232,232,b'Hindustan Times',b'https://www.hindustantimes.com/cities/bengaluru-news/karnataka-bjp-to-hold-massive-protests-in-mysore-against-siddaramaiah-govt-in-alleged-muda-scam-101720700945869.html'
233,233,b'News18',b'https://www.news18.com/politics/i-dont-need-recommendation-high-command-will-decide-based-on-my-work-shivakumar-on-cms-post-8949189.html'
234,234,b'Zee News',b'https://zeenews.india.com/video/news/kiren-rijiju-issues-statement-on-neet-controversy-2761506.html'
235,235,b'Zee News',b'https://zeenews.india.com/india/determined-all-indians-regardless-of-religion-and-age-achieve-life-goals-nirmala-sitharaman-2769341.html'
236,236,b'India Today',b'https://www.indiatoday.in/india/karnataka/story/karnataka-cm-siddaramaiah-union-minister-pralhad-joshi-dk-shiv-kumar-deputy-chief-minister-congress-bjp-2560400-2024-06-30'
237,237,b'The Hindu',b'https://www.thehindu.com/news/national/karnataka/farm-scientist-teacher-sa-patil-is-no-more/article68407481.ece'
238,238,b'The Hindu',b'https://www.thehindu.com/opinion/op-ed/the-curse-of-speculation-in-karnataka/article68410723.ece'
239,239,b'The Hindu',b'https://www.thehindu.com/news/national/karnataka/ramappa-badiger-elected-hubballi-dharwad-mayor-durgamma-bijawad-deputy-mayor/article68348244.ece'
240,240,b'The Hindu',b'https://www.thehindu.com/news/national/karnataka/several-ministers-question-the-logic-of-demand-to-change-cm/article68352923.ece'
241,241,b'The Hindu',b'https://www.thehindu.com/news/national/karnataka/siddaramaiah-is-behind-the-demand-for-creating-three-deputy-cm-posts-says-pralhad-joshi/article68351795.ece'
242,242,b'english',b'https://news.abplive.com/videos/news/india-shikhar-sammelan-prahlad-joshi-claims-bjp-controls-prices-of-essential-commodities-abp-news-1705619'
243,243,b'english',b'https://news.abplive.com/videos/news/india-shikhar-sammelan-prahlad-joshi-on-how-budget-serves-nation-despite-global-crises-abp-news-1705607'
244,244,b'TimesNow',b'https://www.timesnownews.com/india/dk-shivakumar-high-command-to-decide-chief-minister-post-based-on-my-performance-article-111368276'
245,245,b'Business Standard',b'https://www.business-standard.com/india-news/muda-scam-complaint-filed-against-k-taka-cm-9-others-for-forgery-124071000405_1.html'
246,246,b'Business Insider India',b'https://www.businessinsider.in/budget/news/union-cabinet-meets-in-parliament-ahead-of-budget-presentation/articleshow/111947123.cms'
247,247,b'Business Insider India',b'https://www.businessinsider.in/budget/news/indias-economic-growth-will-be-shining-exception-fm-nirmala-sitharaman-presents-union-budget-2024-25/articleshow/111948425.cms'
248,248,b'Zee Business',b'https://www.zeebiz.com/union-budget/news-budget-2024-india-economic-growth-will-be-shining-exception-fm-nirmala-sitharaman-presents-pm-modi-government-july-23-303078'
249,249,b'Zee Business',b'https://www.zeebiz.com/economy-infra/news-pm-surya-ghar-scheme-government-issues-guidelines-for-rs-4950-crore-incentive-to-discoms-renewable-energy-pmsuryaghar-mnre-302771'
250,250,b'Zee Business',b'https://www.zeebiz.com/india/news-india-to-be-engine-of-green-energy-growth-mnre-minister-pralhad-joshi-302396'
251,251,b'The Hans India',b'https://www.thehansindia.com/news/cities/bengaluru/i-dont-need-recommendation-high-command-will-decide-based-on-my-work-shivakumar-on-cms-post-888193'
252,252,b'The Hans India',b'https://www.thehansindia.com/news/cities/bengaluru/no-need-for-sit-probe-in-muda-land-scam-ktaka-home-minister-890234'
253,253,b'Deccan Chronicle',b'https://www.deccanchronicle.com/union-budget-2024-live-update-indias-economic-growth-will-be-shining-exception-says-fm'
254,254,b'The Siasat Daily',b'https://www.siasat.com/no-need-for-sit-probe-in-muda-land-scam-ktaka-home-minister-3058145/'
255,255,b'mid-day',b'https://www.mid-day.com/news/india-news/article/union-budget-2024-cabinet-headed-by-pm-modi-clears-full-budget-23366936'
256,256,b'mid-day',b'https://www.mid-day.com/news/india-news/article/union-budget-2024-budget-provides-rs-1-48-lakh-cr-for-education-employment-says-nirmala-sitharaman-23366938'
257,257,b'mid-day',b'https://www.mid-day.com/news/india-news/article/union-budget-2024-finance-minister-nirmala-sitharaman-announces-revision-of-model-skill-loan-scheme-23366953'
258,258,b'Free Press Journal',b'https://www.freepressjournal.in/business/budget-2024-indias-economic-growth-will-be-shining-exception-says-finance-minister-nirmala-sitharaman'
259,259,b'Free Press Journal',b'https://www.freepressjournal.in/india/karnataka-complaint-filed-against-cm-siddaramaiah-9-others-for-alleged-forgery-in-muda-scam'
260,260,b'Free Press Journal',b'https://www.freepressjournal.in/business/budget-2024-union-cabinet-meets-in-parliament-ahead-of-budget-presentation-watch'
261,261,b'Devdiscourse',b'https://www.devdiscourse.com/article/politics/3016018-tensions-rise-over-samvidhaan-hatya-diwas-declaration'
262,262,b'Devdiscourse',b'https://www.devdiscourse.com/article/headlines/3011839-karnataka-cm-faces-forgery-allegations-in-major-land-scam'
263,263,b'Devdiscourse',b'https://www.devdiscourse.com/article/business/3013380-us-india-business-council-meets-for-renewable-energy-collaboration'
264,264,b'Devdiscourse',b'https://www.devdiscourse.com/article/politics/3017124-basavaraj-bommai-acknowledges-banajiga-communitys-role-in-karnatakas-unity'
265,265,b'Devdiscourse',b'https://www.devdiscourse.com/article/politics/3012655-karnataka-bjp-plans-massive-protest-over-alleged-muda-land-scam'
266,266,b'Devdiscourse',b'https://www.devdiscourse.com/article/headlines/3027309-surya-ghar-yojana-swift-progress-towards-solar-powered-homes'
267,267,b'Devdiscourse',b'https://www.devdiscourse.com/article/headlines/3023003-india-poised-to-lead-global-green-energy-revolution'
268,268,b'Devdiscourse',b'https://www.devdiscourse.com/article/headlines/3025816-union-minister-announces-rs-4950-crore-incentives-for-discoms-under-pm-surya-ghar-scheme'
269,269,b'Devdiscourse',b'https://www.devdiscourse.com/article/politics/3029459-union-minister-pralhad-joshi-accuses-karnataka-cm-of-fund-misuse-and-scams'
270,270,b'Devdiscourse',b'https://www.devdiscourse.com/article/politics/3001132-well-planned-pralhad-joshi-slams-cm-siddaramaiah-over-demand-for-more-deputy-cms-in-karnataka'
271,271,b'Devdiscourse',b'https://www.devdiscourse.com/article/headlines/3026033-union-cabinet-meets-in-parliament-ahead-of-budget-presentation'
272,272,b'Devdiscourse',b'https://www.devdiscourse.com/article/headlines/3026036-union-cabinet-approves-budget-2024-25-highlights-economic-survey-insights'
273,273,b'Devdiscourse',b'https://www.devdiscourse.com/article/headlines/3026039-union-budget-2024-a-milestone-towards-viksit-bharat-says-up-finance-minister'
274,274,b'Devdiscourse',b'https://www.devdiscourse.com/article/politics/2994683-disheartening-that-congress-has-nominated-its-candidate-nda-leaders-on-speaker-election'
275,275,b'LatestLY',b'https://www.latestly.com/agency-news/latest-news-india-to-be-engine-of-green-energy-growth-mnre-minister-pralhad-joshi-6122502.html'
276,276,b'LatestLY',b'https://www.latestly.com/agency-news/india-news-karnataka-would-not-have-been-unified-without-s-nijalingappa-mp-basavaraj-bommai-6110270.html'
277,277,b'LatestLY',b'https://www.latestly.com/agency-news/latest-news-govt-issues-guidelines-for-rs-4950-cr-incentive-to-discoms-under-pm-surya-ghar-scheme-6128982.html'
278,278,b'LatestLY',b'https://www.latestly.com/agency-news/india-news-hope-budget-2024-provides-relief-from-rising-inflation-unemployment-priyanka-chaturvedi-6130676.html'
279,279,b'LatestLY',b'https://www.latestly.com/agency-news/india-news-lop-in-lok-sabha-rahul-gandhi-arrives-in-parliament-ahead-of-budget-presentation-6130575.html'
280,280,b'LatestLY',b'https://www.latestly.com/agency-news/india-news-union-cabinet-meets-in-parliament-ahead-of-budget-presentation-6130498.html'
281,281,b'LatestLY',b'https://www.latestly.com/agency-news/india-news-union-minister-pralhad-joshi-demands-impartial-investigation-into-alleged-muda-scam-appeals-to-state-govt-to-transfer-it-to-cbi-6091187.html'
282,282,b'LatestLY',b'https://www.latestly.com/agency-news/latest-news-govt-receives-over-1-28-cr-registrations-under-pm-surya-ghar-muft-bijli-yojana-union-min-joshi-6132273.html'
283,283,b'LatestLY',b'https://www.latestly.com/agency-news/india-news-former-cm-basavaraj-bommai-seeks-cbi-investigation-into-muda-sites-allocation-scam-6093393.html'
284,284,b'LatestLY',b'https://www.latestly.com/agency-news/india-news-karnataka-bjp-to-hold-massive-protests-in-mysore-against-siddaramaiah-govt-in-alleged-muda-scam-6101318.html'
285,285,b'LatestLY',b'https://www.latestly.com/agency-news/india-news-union-minister-pralhad-joshi-takes-on-karnataka-cm-alleging-misuse-of-funds-demands-cbi-probe-6136482.html'
286,286,b'LatestLY',b'https://www.latestly.com/agency-news/india-news-muda-scam-complaint-filed-against-karnataka-cm-siddaramaiah-9-others-6099573.html'
287,287,b'Asian News International (ANI)',b'https://www.aninews.in/news/national/politics/union-minister-pralhad-joshi-demands-impartial-investigation-into-alleged-muda-scam-appeals-to-state-govt-to-transfer-it-to-cbi20240706193212/'
288,288,b'Asian News International (ANI)',b'https://www.aninews.in/news/national/politics/well-planned-pralhad-joshi-slams-cm-siddaramaiah-over-demand-for-more-deputy-cms-in-karnataka20240630161124/'
289,289,b'Asian News International (ANI)',b'https://www.aninews.in/news/national/general-news/former-cm-basavaraj-bommai-seeks-cbi-investigation-into-muda-sites-allocation-scam20240707220336/'
290,290,b'Asian News International (ANI)',b'https://www.aninews.in/news/national/general-news/union-cabinet-meets-in-parliament-ahead-of-budget-presentation20240723103851/'
291,291,b'Asian News International (ANI)',b'https://www.aninews.in/news/national/general-news/budget-to-be-milestone-in-journey-of-viksit-bharat-uttar-pradesh-finance-minister-suresh-kumar-khanna20240723105256/'
292,292,b'Asian News International (ANI)',b'https://www.aninews.in/news/national/politics/creating-lots-of-confusion-union-minister-pralhad-joshi-on-demand-for-more-deputy-cms-in-karnataka20240630084123/'
293,293,b'Asian News International (ANI)',b'https://www.aninews.in/news/national/general-news/lop-in-lok-sabha-rahul-gandhi-arrives-in-parliament-ahead-of-budget-presentation20240723110642/'
294,294,b'Asian News International (ANI)',b'https://www.aninews.in/news/national/general-news/indias-economic-growth-will-be-shining-exception-fm-nirmala-sitharaman-presents-union-budget-2024-2520240723111316/'
295,295,b'Asian News International (ANI)',b'https://www.aninews.in/news/national/general-news/muda-scam-complaint-filed-against-karnataka-cm-siddaramaiah-9-others20240710123749/'
296,296,b'Asian News International (ANI)',b'https://www.aninews.in/news/national/politics/karnataka-would-not-have-been-unified-without-s-nijalingappa-mp-basavaraj-bommai20240714220844/'
297,297,b'Asian News International (ANI)',b'https://www.aninews.in/news/national/politics/karnataka-bjp-to-hold-massive-protests-in-mysore-against-siddaramaiah-govt-in-alleged-muda-scam20240710215741/'
298,298,b'Asian News International (ANI)',b'https://www.aninews.in/news/national/politics/union-minister-pralhad-joshi-takes-on-karnataka-cm-alleging-misuse-of-funds-demands-cbi-probe20240725135201/'
299,299,b'Asian News International (ANI)',b'https://www.aninews.in/news/national/politics/congress-is-only-bothered-about-headlines-pralhad-joshi-hits-out-at-jairam-ramesh-over-his-headline-grabbing-exercise-remark20240713171518/'
300,300,b'Asian News International (ANI)',b'https://www.aninews.in/news/national/politics/disheartening-that-congress-has-nominated-its-candidate-nda-leaders-on-speaker-election20240625141820/'
301,301,b'Asian News International (ANI)',b'https://www.aninews.in/news/national/general-news/what-indira-ji-did-in-1975-was-samvidhan-ka-hatya-says-pralhad-joshi20240712190204/'
302,302,b'Asian News International (ANI)',b'https://www.aninews.in/news/national/general-news/hope-budget-2024-provides-relief-from-rising-inflation-unemployment-priyanka-chaturvedi20240723114936/'
303,303,b'The Statesman',b'https://www.thestatesman.com/india/indias-economic-growth-will-be-shining-exception-fm-nirmala-sitharaman-presents-union-budget-2024-25-1503323608.html'
304,304,b'Social News XYZ',b'https://www.socialnews.xyz/2024/06/29/i-dont-need-recommendation-high-command-will-decide-based-on-my-work-shivakumar-on-cms-post/'
305,305,b'Economic Times',b'https://economictimes.indiatimes.com/news/politics-and-nation/rahul-gandhi-meets-railways-loco-pilots-they-complain-of-inadequate-rest/articleshow/111518705.cms'
306,306,b'Economic Times',b'https://economictimes.indiatimes.com/news/politics-and-nation/anger-against-independents-joining-bjp-helped-congress-win-dehra-nalagarh-bypolls-pratibha-singh/articleshow/111711926.cms'
307,307,b'Economic Times',b'https://economictimes.indiatimes.com/news/politics-and-nation/will-ensure-hardworking-labourers-get-full-rights-respect-rahul-gandhi/articleshow/111533735.cms'
308,308,b'Economic Times',b'https://economictimes.indiatimes.com/news/politics-and-nation/rahul-gandhi-chosen-to-receive-oommen-chandy-award/articleshow/111900848.cms'
309,309,b'Economic Times',b'https://economictimes.indiatimes.com/news/politics-and-nation/india-needs-national-legal-social-security-architecture-for-gig-workers-congress/articleshow/111656985.cms'
310,310,b'Economic Times',b'https://economictimes.indiatimes.com/news/politics-and-nation/my-bharat-jodo-yatra-was-inspired-by-rajasekhara-reddys-2003-yatra-across-andhra-rahul-gandhi/articleshow/111581869.cms'
311,311,b'Economic Times',b'https://economictimes.indiatimes.com/news/politics-and-nation/rahul-has-significantly-matured-as-politician-will-be-tested-as-opposition-leader-amartya-sen/articleshow/111773070.cms'
312,312,b'The Times of India',b'https://timesofindia.indiatimes.com/india/political-start-ups-in-jammu-and-kashmir-a-growing-trend-with-limited-impact/articleshow/111553894.cms'
313,313,b'The Times of India',b'https://timesofindia.indiatimes.com/india/my-bharat-jodo-yatra-was-inspired-by-rajasekhara-reddys-2003-yatra-across-andhra-rahul-gandhi/articleshow/111575736.cms'
314,314,b'The Times of India',b'https://timesofindia.indiatimes.com/city/kolkata/rahul-gandhi-has-matured-will-be-tested-as-oppn-leader-sen/articleshow/111798603.cms'
315,315,b'The Times of India',b'https://timesofindia.indiatimes.com/city/chandigarh/congress-releases-charge-sheet-against-haryana-government/articleshow/111673514.cms'
316,316,b'The Times of India',b'https://timesofindia.indiatimes.com/india/among-my-students-manmohan-singh-was-least-likely-to-become-pm-amartya-sen/articleshow/111772885.cms'
317,317,b'The Times of India',b'https://timesofindia.indiatimes.com/india/rahul-gandhi-resumes-role-of-leader-of-opposition/articleshow/111294374.cms'
318,318,b'The Times of India',b'https://timesofindia.indiatimes.com/india/rahul-gandhi-meets-railways-loco-pilots-they-complain-of-inadequate-rest/articleshow/111520712.cms'
319,319,b'MoneyControl',b'https://www.moneycontrol.com/europe/?url=https%3A%2F%2Fwww.moneycontrol.com%2Findia%2Fstockpricequote%2Fmiscellaneous%2Fakikoglobal%2FAGS01'
320,320,b'RT',b'https://www.rt.com/india/600037-key-modi-critic-appointed-leader/'
321,321,b'NDTV',b'https://www.ndtv.com/india-news/rahul-gandhi-in-manipur-i-am-here-as-your-brother-rahul-gandhis-message-of-peace-6061333'
322,322,b'NDTV',b'https://www.ndtv.com/india-news/rahul-gandhi-meets-people-displaced-by-violence-in-manipur-relief-camps-6060012'
323,323,b'Rediff.com India Ltd.',b'https://www.rediff.com/news/column/saisuresh-sivaswamy-modis-rahul-sized-headache/20240703.htm'
324,324,b'Rediff.com India Ltd.',b'https://www.rediff.com/news/column/nilanjan-mukhopadhyay-anti-muslim-attacks-why-are-rahul-akhilesh-silent/20240627.htm'
325,325,b'The Indian Express',b'https://indianexpress.com/article/india/independents-bjp-congress-dehra-nalagarh-bypolls-pratibha-singh-9451096/'
326,326,b'The Indian Express',b'https://indianexpress.com/article/lifestyle/fashion/rahul-gandhi-white-t-shirt-cargo-pants-pm-modi-mahatma-gandhi-9396760/'
327,327,b'The Indian Express',b'https://indianexpress.com/article/political-pulse/rahul-gandhi-leader-of-opposition-9449741/'
328,328,b'The Indian Express',b'https://indianexpress.com/article/political-pulse/r-sudha-tamil-nadu-bharat-jodo-yatra-congress-rahul-gandhi-9459222/'
329,329,b'The Indian Express',b'https://indianexpress.com/article/political-pulse/uttarakhand-congress-chief-karan-mahara-interview-bjp-rahul-gandhi-9463651/'
330,330,b'The Indian Express',b'https://indianexpress.com/article/india/rahul-gandhi-pm-2004-2014-revanth-reddy-9440172/'
331,331,b'The Indian Express',b'https://indianexpress.com/article/india/congress-mp-rahul-gandhi-leader-of-opposition-18th-lok-sabha-9414922/'
332,332,b'The Indian Express',b'https://indianexpress.com/article/political-pulse/rahul-gandhi-om-birla-parliament-mics-control-9426138/'
333,333,b'The Indian Express',b'https://indianexpress.com/article/cities/hyderabad/telangana-gig-workers-welfare-security-congress-govt-9412358/'
334,334,b'The Indian Express',b'https://indianexpress.com/article/cities/chandigarh/with-an-eye-on-haryana-assembly-polls-selja-announces-state-wide-padyatra-with-a-focus-on-urban-areas-9442027/'
335,335,b'Hindustan Times',b'https://www.hindustantimes.com/india-news/rahul-gandhi-leads-opposition-attack-on-pm-modi-in-lok-sabha-bjp-rebuts-him-101719836101442.html'
336,336,b'Hindustan Times',b'https://www.hindustantimes.com/india-news/young-dalit-leader-who-overcame-setback-to-script-poll-history-101719946449948.html'
337,337,b'Hindustan Times',b'https://www.hindustantimes.com/opinion/ecostani-rahul-gandhi-tastes-electoral-success-but-the-journey-ahead-is-arduous-101721057898457.html'
338,338,b'Hindustan Times',b'https://www.hindustantimes.com/india-news/congress-kc-venugopal-gets-apple-threat-notification-says-got-it-in-oct-23-too-101720874702245.html'
339,339,b'Hindustan Times',b'https://www.hindustantimes.com/india-news/india-expects-opposition-to-defend-constitutionrahul-101719429187899.html'
340,340,b'Hindustan Times',b'https://www.hindustantimes.com/india-news/pm-modi-s-abject-apathy-rejected-congress-discusses-ways-to-alleviate-pain-of-people-in-manipur-101719256038212.html'
341,341,b'Hindustan Times',b'https://www.hindustantimes.com/india-news/india-needs-national-legal-social-security-architecture-for-gig-workers-cong-101720686690338.html'
342,342,b'Hindustan Times',b'https://www.hindustantimes.com/india-news/rahul-pens-letter-to-people-of-wayanad-101719171586444.html'
343,343,b'News18',b'https://www.news18.com/politics/lok-sabha-speaker-om-birla-vs-congress-mp-rahul-gandhi-over-microphone-issue-again-who-controls-them-in-parliament-8950789.html'
344,344,b'News18',b'https://www.news18.com/opinion/opinion-the-undeniable-facts-about-pm-modis-transformation-of-manipur-8966746.html'
345,345,b'News18',b'https://www.news18.com/politics/make-some-noise-will-brazen-rahul-gandhis-new-mantra-for-congress-opposition-work-8952099.html'
346,346,b'News18',b'https://www.news18.com/opinion/opinion-congresss-election-spin-cant-hide-these-four-hard-realities-8976196.html'
347,347,b'Frontline',b'https://frontline.thehindu.com/politics/sasikanth-senthil-interview-congress-mp-tiruvallur-tamil-nadu-dalit-politics-lok-sabha-2024-election/article68355541.ece'
348,348,b'Frontline',b'https://frontline.thehindu.com/politics/rahul-gandhi-reinvented-himself-in-2024-lok-sabha-election-pappu-gen-z-thirst-trap/article68315876.ece'
349,349,b'Zee News',b'https://zeenews.india.com/india/rahul-gandhis-public-outreach-working-for-congress-should-bjp-be-worried-opinion-2764899.html'
350,350,b'India Today',b'https://www.indiatoday.in/india/story/haryana-assembly-election-congress-padyatras-bhupinder-singh-hooda-kumari-selja-2568830-2024-07-19'
351,351,b'India Today',b'https://www.indiatoday.in/india/story/rahul-gandhi-leader-of-opposition-india-bloc-parties-reaction-trinamool-samajwadi-party-dmk-rjd-mva-2558761-2024-06-27'
352,352,b'The Hindu',b'https://www.thehindu.com/news/national/andhra-pradesh/andhra-pradesh-would-be-a-different-place-had-ysr-been-alive-rahul-gandhi/article68380763.ece'
353,353,b'The Hindu',b'https://www.thehindu.com/news/national/andhra-pradesh/ap-lacks-true-opposition-sharmila-will-fill-that-void-says-revanth-reddy/article68382411.ece'
354,354,b'The Hindu',b'https://www.thehindu.com/news/national/india-needs-national-legal-social-security-architecture-for-gig-workers-congress/article68393561.ece'
355,355,b'The Hindu',b'https://www.thehindu.com/news/cities/Mangalore/laxmi-hebbalkar-asks-congress-workers-to-make-preparations-to-win-next-polls/article68349451.ece'
356,356,b'The Hindu',b'https://www.thehindu.com/news/national/telangana/revanth-and-bhatti-urge-ex-congress-leaders-to-return-to-parent-party/article68381090.ece'
357,357,b'The Hindu',b'https://www.thehindu.com/news/national/kerala/congress-will-decide-destiny-of-india-in-the-near-future-venugopal/article68411214.ece'
358,358,b'Scroll.in',b'https://scroll.in/article/1070444/bjp-modi-do-not-speak-for-all-hindus-twisting-rahul-gandhis-speech-exposes-their-own-duplicity'
359,359,b'Scroll.in',b'https://scroll.in/article/1070093/true-patriots-be-damned-medha-patkars-conviction-and-more-than-20-years-of-inconvenient-questions'
360,360,b'Scroll.in',b'https://scroll.in/article/1070613/why-rahul-gandhi-remains-in-yatra-mode-as-leader-of-opposition'
361,361,b'TimesNow',b'https://www.timesnownews.com/videos/mirror-now/urban-debate/first-gandhi-lop-in-20-years-finally-congress-son-rise-in-parliament-the-urban-debate-video-111293270'
362,362,b'India TV News',b'https://www.indiatvnews.com/news/india/rahul-gandhi-chosen-to-receive-oommen-chandy-public-servant-award-congress-leader-shashi-tharoor-pinarayi-vijayan-latest-updates-2024-07-21-942888'
363,363,b'The New Indian Express',b'https://www.newindianexpress.com/states/kerala/2024/Jul/08/congress-leaders-make-beeline-to-visit-mallikarjun-kharge-undergoing-ayurveda-treatment'
364,364,b'The New Indian Express',b'https://www.newindianexpress.com/states/andhra-pradesh/2024/Jul/09/congress-will-form-govt-at-centre-in-andhra-pradesh-in-2029-says-revanth'
365,365,b'The New Indian Express',b'https://www.newindianexpress.com/opinions/columns/pc/2024/Jun/29/the-rise-fall-and-rise-of-raga'
366,366,b'ThePrint',b'https://theprint.in/opinion/has-bengal-forgotten-left-after-hat-trick-of-ducks-it-can-learn-from-rahul-gandhi/2141125/'
367,367,b'ThePrint',b'https://theprint.in/politics/boxing-champion-saweety-boora-eyes-bjp-ticket-from-barwala-for-haryana-polls-says-will-surely-win/2176516/'
368,368,b'ThePrint',b'https://theprint.in/india/anger-against-independents-joining-bjp-helped-congress-win-dehra-nalagarh-bypolls-pratibha-singh/2173161/'
369,369,b'ThePrint',b'https://theprint.in/india/india-needs-national-legal-social-security-architecture-for-gig-workers-cong/2169909/'
370,370,b'ThePrint',b'https://theprint.in/india/rajasekhara-reddys-absence-clearly-visible-says-telangana-cm-revanth-reddy/2165941/'
371,371,b'ThePrint',b'https://theprint.in/national-interest/rahul-has-laid-3-painful-questions-to-rest-if-he-doesnt-shoot-scoot-now-he-can-revive-congress/2182399/'
372,372,b'GULF NEWS',b'https://gulfnews.com/opinion/op-eds/why-rahul-gandhis-much-celebrated-speech-was-a-self-goal-1.103502769'
373,373,b'GULF NEWS',b'https://gulfnews.com/opinion/op-eds/can-rahul-gandhi-bridge-the-gap-from-ideology-to-leadership-1.103253382'
374,374,b'GULF NEWS',b'https://gulfnews.com/opinion/op-eds/rahul-gandhis-leadership-revives-secularism-in-india-1.103369303'
375,375,b'Firstpost',b'https://www.firstpost.com/india/up-court-hears-2018-defamation-case-against-rahul-gandhi-today-a-look-at-such-cases-13788215.html'
376,376,b'The News International',b'https://www.thenews.com.pk/print/1205503-will-the-leopard-change-its-spots'
377,377,b'The Hans India',b'https://www.thehansindia.com/telangana/six-guarantees-inspired-by-ysr-says-revanth-reddy-890274'
378,378,b'The Hans India',b'https://www.thehansindia.com/telangana/ysr-inspiration-for-6-guarantees-cm-revanth-890378'
379,379,b'The Hans India',b'https://www.thehansindia.com/telangana/know-your-mla-a-mass-leader-891022'
380,380,b'The Hans India',b'https://www.thehansindia.com/andhra-pradesh/congress-owns-up-ysr-to-regain-past-glory-890386'
381,381,b'The Hans India',b'https://www.thehansindia.com/telangana/a-young-and-dynamic-leader-890121'
382,382,b'The Hans India',b'https://www.thehansindia.com/hans/opinion/news-analysis/rahul-gandhi-in-no-mood-to-relent-in-parliament-891786'
383,383,b'The Hans India',b'https://www.thehansindia.com/editors-desk/congress-back-to-its-usual-political-antics-in-karnataka-888034'
384,384,b'Deccan Herald',b'https://www.deccanherald.com/india/west-bengal/rahul-has-significantly-matured-as-politician-will-be-tested-as-opposition-leader-amartya-sen-3107326'
385,385,b'Deccan Chronicle',b'https://www.deccanchronicle.com/southern-states/2-adilabad-congress-leaders-appointed-chairmen-of-state-corporations-1809217'
386,386,b'Deccan Chronicle',b'https://www.deccanchronicle.com/southern-states/telangana/we-take-inspiration-of-ysr-for-implementing-welfare-schemes-cm-1809188'
387,387,b'Deccan Chronicle',b'https://www.deccanchronicle.com/southern-states/telangana/farmers-bodies-seek-proper-enumeration-of-farmers-suicides-1809068'
388,388,b'Deccan Chronicle',b'https://www.deccanchronicle.com/opinion/dc-comment/dc-edit-rahul-the-son-also-rises-1308591'
389,389,b'Deccan Chronicle',b'https://www.deccanchronicle.com/opinion/columnists/sunil-gatade-rahul-as-lop-in-ls-poses-a-new-challenge-for-modi-1308874'
390,390,b'Telangana Today',b'https://telanganatoday.com/ysr-inspiration-for-six-guarantees-says-revanth-reddy'
391,391,b'Telangana Today',b'https://telanganatoday.com/ysr-inspiration-for-six-guarantees-says-revanth-reddy-2'
392,392,b'The Siasat Daily',b'https://www.siasat.com/india-needs-national-legal-social-security-architecture-for-gig-workers-cong-3059734/'
393,393,b'The Siasat Daily',b'https://www.siasat.com/my-bharat-jodo-yatra-was-inspired-by-rajasekhara-reddys-2003-yatra-rahul-3058133/'
394,394,b'The Siasat Daily',b'https://www.siasat.com/anger-against-independents-joining-bjp-helped-congress-win-in-bypolls-pratibha-singh-3061065/'
395,395,b'Free Press Journal',b'https://www.freepressjournal.in/india/congress-leader-rahul-gandhi-set-to-receive-1st-oommen-chandy-public-servant-award'
396,396,b'Free Press Journal',b'https://www.freepressjournal.in/india/from-pappu-to-lop-rahul-gandhis-transformation-as-leader-of-opposition'
397,397,b'Free Press Journal',b'https://www.freepressjournal.in/analysis/will-rahul-gandhis-ascendancy-as-leader-of-opposition-be-game-changer-for-indian-politics'
398,398,b'Free Press Journal',b'https://www.freepressjournal.in/analysis/turbocharged-and-touchy-feely-its-a-made-over-rahul-gandhi'
399,399,b'Free Press Journal',b'https://www.freepressjournal.in/analysis/dissenters-corner-the-politics-of-remaining-non-political'
400,400,b'The Telegraph',b'https://www.telegraphindia.com/gallery/hindus-to-neet-to-agniveer-to-modi-what-rahul-gandhi-said-in-fiery-parliament-speech-photogallery/cid/2030783'
401,401,b'The Telegraph',b'https://www.telegraphindia.com/world/south-asians-remain-hopeful-on-british-prime-minister-rishi-sunak-pm-got-economy-back-on-track/cid/2031129'
402,402,b'The Telegraph',b'https://www.telegraphindia.com/india/rahul-gandhi-has-significantly-matured-as-politician-will-be-tested-as-opposition-leader-amartya-sen/cid/2034027'
403,403,b'The Telegraph',b'https://www.telegraphindia.com/india/rahul-gandhi-takes-the-plunge-to-be-leader-of-opposition-in-lok-sabha/cid/2029576'
404,404,b'The Telegraph',b'https://www.telegraphindia.com/india/congress-says-india-needs-national-legal-social-security-architecture-for-gig-workers/cid/2033010'
